INSERT INTO "Cittadini" ("CSSN", "Nome", "Cognome", "Indirizzo", "NumeroCivico", "LuogoNascita", "DataNascita") VALUES
('BNCGPP95D06E472M', 'Giuseppe', 'Bianchi', 'Via Manzoni', 7, 'Como', to_date('06/04/1995', 'DD/MM/YYYY')),
('BRTGNN60E03H501A', 'Stefano', 'Bruno', 'Via Chiaia', 301, 'Napoli', to_date('03/05/1960', 'DD/MM/YYYY')),
('BRTGNN60E15H501T', 'Andrea', 'Bruno', 'Via Chiaia', 830, 'Napoli', to_date('15/05/1960', 'DD/MM/YYYY')),
('BRTGNN60E19H501L', 'Francesca', 'Bruno', 'Via Chiaia', 531, 'Napoli', to_date('19/05/1960', 'DD/MM/YYYY')),
('BRTGNN60E26H501V', 'Andrea', 'Bruno', 'Via Chiaia', 899, 'Napoli', to_date('26/05/1960', 'DD/MM/YYYY')),
('BRTGNN60E29H501U', 'Andrea', 'Bruno', 'Via Chiaia', 853, 'Napoli', to_date('29/05/1960', 'DD/MM/YYYY')),
('BRTGNN63A29H501U', 'Maria', 'Bruno', 'Via Chiaia', 200, 'Napoli', to_date('29/01/1963', 'DD/MM/YYYY')),
('BRTGNN63E01H501S', 'Andrea', 'Bruno', 'Via Chiaia', 807, 'Napoli', to_date('01/05/1963', 'DD/MM/YYYY')),
('BRTGNN63E14H501D', 'Silvia', 'Bruno', 'Via Chiaia', 370, 'Napoli', to_date('14/05/1963', 'DD/MM/YYYY')),
('BRTGNN63E21H501R', 'Andrea', 'Bruno', 'Via Chiaia', 738, 'Napoli', to_date('21/05/1963', 'DD/MM/YYYY')),
('BRTGNN63E22H501I', 'Andrea', 'Bruno', 'Via Chiaia', 485, 'Napoli', to_date('22/05/1963', 'DD/MM/YYYY')),
('BRTGNN66E18H501R', 'Andrea', 'Bruno', 'Via Chiaia', 784, 'Napoli', to_date('18/05/1966', 'DD/MM/YYYY')),
('BRTGNN66E24H501Q', 'Andrea', 'Bruno', 'Via Chiaia', 692, 'Napoli', to_date('24/05/1966', 'DD/MM/YYYY')),
('BRTGNN66E28H501E', 'Riccardo', 'Bruno', 'Via Chiaia', 393, 'Napoli', to_date('28/05/1966', 'DD/MM/YYYY')),
('BRTGNN66E30H501M', 'Andrea', 'Bruno', 'Via Chiaia', 600, 'Napoli', to_date('30/05/1966', 'DD/MM/YYYY')),
('BRTGNN69E08H501H', 'Riccardo', 'Bruno', 'Via Chiaia', 462, 'Napoli', to_date('08/05/1969', 'DD/MM/YYYY')),
('BRTGNN69E27H501O', 'Andrea', 'Bruno', 'Via Chiaia', 646, 'Napoli', to_date('27/05/1969', 'DD/MM/YYYY')),
('BRTGNN75S06H501Z', 'Paolo', 'Bruno', 'Via Petrarca', 8, 'Napoli', to_date('06/11/1975', 'DD/MM/YYYY')),
('BRTGNN77E17H501B', 'Fabrizio', 'Bruno', 'Via Chiaia', 324, 'Napoli', to_date('17/05/1977', 'DD/MM/YYYY')),
('BRTGNN79E20H501Y', 'Francesca', 'Bruno', 'Via Chiaia', 278, 'Napoli', to_date('20/05/1979', 'DD/MM/YYYY')),
('BRTGNN82E26H501X', 'Laura', 'Bruno', 'Via Chiaia', 230, 'Napoli', to_date('26/05/1982', 'DD/MM/YYYY')),
('BRTGNN87A09H501Y', 'Marco', 'Bruno', 'Via Toledo', 201, 'Napoli', to_date('09/01/1987', 'DD/MM/YYYY')),
('BRTGNN88E31H501C', 'Alessia', 'Bruno', 'Via Chiaia', 347, 'Napoli', to_date('31/05/1988', 'DD/MM/YYYY')),
('BRTGNN90A15H501L', 'Gennaro', 'Bruno', 'Piazza del Plebiscito', 1, 'Napoli', to_date('15/01/1990', 'DD/MM/YYYY')),
('BRTGNN90E05H501K', 'Silvia', 'Bruno', 'Via Chiaia', 508, 'Napoli', to_date('05/05/1990', 'DD/MM/YYYY')),
('BRTGNN90E12H501T', 'Andrea', 'Bruno', 'Via Chiaia', 876, 'Napoli', to_date('12/05/1990', 'DD/MM/YYYY')),
('BRTGNN93A23H501Z', 'Riccardo', 'Bruno', 'Via Chiaia', 255, 'Napoli', to_date('23/01/1993', 'DD/MM/YYYY')),
('BRTGNN93E02H501M', 'Stefano', 'Bruno', 'Via Chiaia', 554, 'Napoli', to_date('02/05/1993', 'DD/MM/YYYY')),
('BRTGNN93E10H501P', 'Andrea', 'Bruno', 'Via Chiaia', 669, 'Napoli', to_date('10/05/1993', 'DD/MM/YYYY')),
('BRTGNN96E07H501R', 'Andrea', 'Bruno', 'Via Chiaia', 715, 'Napoli', to_date('07/05/1996', 'DD/MM/YYYY')),
('BRTGNN96E16H501L', 'Fabrizio', 'Bruno', 'Via Chiaia', 577, 'Napoli', to_date('16/05/1996', 'DD/MM/YYYY')),
('BRTGNN96E25H501G', 'Martina', 'Bruno', 'Via Chiaia', 439, 'Napoli', to_date('25/05/1996', 'DD/MM/YYYY')),
('BRTGNN97E12H501W', 'Elena', 'Bruno', 'Via Toledo', 156, 'Napoli', to_date('12/05/1997', 'DD/MM/YYYY')),
('BRTGNN99E04H501S', 'Andrea', 'Bruno', 'Via Chiaia', 761, 'Napoli', to_date('04/05/1999', 'DD/MM/YYYY')),
('BRTGNN99E09H501T', 'Andrea', 'Bruno', 'Via Chiaia', 920, 'Napoli', to_date('09/05/1999', 'DD/MM/YYYY')),
('BRTGNN99E11H501F', 'Andrea', 'Bruno', 'Via Chiaia', 416, 'Napoli', to_date('11/05/1999', 'DD/MM/YYYY')),
('BRTGNN99E13H501N', 'Andrea', 'Bruno', 'Via Chiaia', 623, 'Napoli', to_date('13/05/1999', 'DD/MM/YYYY')),
('CNDLSS60P11D969F', 'Chiara', 'Candi', 'Via Tribunali', 909, 'Napoli', to_date('11/09/1960', 'DD/MM/YYYY')),
('CNDLSS60P22D969S', 'Chiara', 'Candi', 'Via Tribunali', 978, 'Napoli', to_date('22/09/1960', 'DD/MM/YYYY')),
('CNDLSS60P24D969X', 'Marco', 'Candi', 'Via Tribunali', 472, 'Napoli', to_date('24/09/1960', 'DD/MM/YYYY')),
('CNDLSS60P29D969E', 'Paolo', 'Candi', 'Via Tribunali', 633, 'Napoli', to_date('29/09/1960', 'DD/MM/YYYY')),
('CNDLSS62A05D969V', 'Fabrizio', 'Candi', 'Via Partenope', 33, 'Napoli', to_date('05/01/1962', 'DD/MM/YYYY')),
('CNDLSS63P05D969S', 'Chiara', 'Candi', 'Via Tribunali', 999, 'Napoli', to_date('05/09/1963', 'DD/MM/YYYY')),
('CNDLSS63P09D969G', 'Chiara', 'Candi', 'Via Tribunali', 702, 'Napoli', to_date('09/09/1963', 'DD/MM/YYYY')),
('CNDLSS63P17D969N', 'Chiara', 'Candi', 'Via Tribunali', 817, 'Napoli', to_date('17/09/1963', 'DD/MM/YYYY')),
('CNDLSS63P18D969B', 'Chiara', 'Candi', 'Via Tribunali', 564, 'Napoli', to_date('18/09/1963', 'DD/MM/YYYY')),
('CNDLSS63P28D969P', 'Chiara', 'Candi', 'Via Tribunali', 886, 'Napoli', to_date('28/09/1963', 'DD/MM/YYYY')),
('CNDLSS66P14D969O', 'Chiara', 'Candi', 'Via Tribunali', 863, 'Napoli', to_date('14/09/1966', 'DD/MM/YYYY')),
('CNDLSS66P20D969L', 'Chiara', 'Candi', 'Via Tribunali', 771, 'Napoli', to_date('20/09/1966', 'DD/MM/YYYY')),
('CNDLSS66P23D969H', 'Chiara', 'Candi', 'Via Tribunali', 725, 'Napoli', to_date('23/09/1966', 'DD/MM/YYYY')),
('CNDLSS66P25D969Q', 'Chiara', 'Candi', 'Via Tribunali', 932, 'Napoli', to_date('25/09/1966', 'DD/MM/YYYY')),
('CNDLSS67P16D969T', 'Chiara', 'Candi', 'Via Tribunali', 357, 'Napoli', to_date('16/09/1967', 'DD/MM/YYYY')),
('CNDLSS68M11D969R', 'Alessio', 'Candi', 'Via Veneto', 12, 'Napoli', to_date('11/08/1968', 'DD/MM/YYYY')),
('CNDLSS69P03D969M', 'Chiara', 'Candi', 'Via Tribunali', 794, 'Napoli', to_date('03/09/1969', 'DD/MM/YYYY')),
('CNDLSS69P06D969I', 'Chiara', 'Candi', 'Via Tribunali', 748, 'Napoli', to_date('06/09/1969', 'DD/MM/YYYY')),
('CNDLSS69P08D969R', 'Chiara', 'Candi', 'Via Tribunali', 955, 'Napoli', to_date('08/09/1969', 'DD/MM/YYYY')),
('CNDLSS69P21D969Z', 'Laura', 'Candi', 'Via Tribunali', 518, 'Napoli', to_date('21/09/1969', 'DD/MM/YYYY')),
('CNDLSS73S22D969T', 'Sara', 'Candi', 'Via Tribunali', 287, 'Napoli', to_date('22/11/1973', 'DD/MM/YYYY')),
('CNDLSS79A02D969W', 'Martina', 'Candi', 'Via Tribunali', 334, 'Napoli', to_date('02/01/1979', 'DD/MM/YYYY')),
('CNDLSS82P30D969U', 'Paolo', 'Candi', 'Via Tribunali', 380, 'Napoli', to_date('30/09/1982', 'DD/MM/YYYY')),
('CNDLSS85P08D969S', 'Valentina', 'Candi', 'Via Partenope', 6, 'Napoli', to_date('08/09/1985', 'DD/MM/YYYY')),
('CNDLSS85P27D969W', 'Riccardo', 'Candi', 'Via Tribunali', 426, 'Napoli', to_date('27/09/1985', 'DD/MM/YYYY')),
('CNDLSS90P01D969C', 'Riccardo', 'Candi', 'Via Tribunali', 587, 'Napoli', to_date('01/09/1990', 'DD/MM/YYYY')),
('CNDLSS90P19D969R', 'Stefano', 'Candi', 'Via Tribunali', 311, 'Napoli', to_date('19/09/1990', 'DD/MM/YYYY')),
('CNDLSS90P26D969G', 'Fabrizio', 'Candi', 'Via Tribunali', 679, 'Napoli', to_date('26/09/1990', 'DD/MM/YYYY')),
('CNDLSS93P04D969A', 'Marco', 'Candi', 'Via Tribunali', 541, 'Napoli', to_date('04/09/1993', 'DD/MM/YYYY')),
('CNDLSS93P12D969F', 'Sara', 'Candi', 'Via Tribunali', 656, 'Napoli', to_date('12/09/1993', 'DD/MM/YYYY')),
('CNDLSS93P13D969V', 'Sara', 'Candi', 'Via Tribunali', 403, 'Napoli', to_date('13/09/1993', 'DD/MM/YYYY')),
('CNDLSS96P07D969Y', 'Chiara', 'Candi', 'Via Tribunali', 495, 'Napoli', to_date('07/09/1996', 'DD/MM/YYYY')),
('CNDLSS96P15D969D', 'Chiara', 'Candi', 'Via Tribunali', 610, 'Napoli', to_date('15/09/1996', 'DD/MM/YYYY')),
('CNDLSS98B25D969T', 'Luca', 'Candi', 'Via Toledo', 34, 'Napoli', to_date('25/02/1998', 'DD/MM/YYYY')),
('CNDLSS99P10D969W', 'Laura', 'Candi', 'Via Tribunali', 449, 'Napoli', to_date('10/09/1999', 'DD/MM/YYYY')),
('FRNLNA60M12L219V', 'Lorenzo', 'Ferrari', 'Corso Sempione', 689, 'Milano', to_date('12/08/1960', 'DD/MM/YYYY')),
('FRNLNA60M13L219N', 'Riccardo', 'Ferrari', 'Corso Sempione', 437, 'Milano', to_date('13/08/1960', 'DD/MM/YYYY')),
('FRNLNA60M24L219Q', 'Lorenzo', 'Ferrari', 'Corso Sempione', 506, 'Milano', to_date('24/08/1960', 'DD/MM/YYYY')),
('FRNLNA60M26L219W', 'Lorenzo', 'Ferrari', 'Corso Sempione', 712, 'Milano', to_date('26/08/1960', 'DD/MM/YYYY')),
('FRNLNA60M28L219B', 'Chiara', 'Ferrari', 'Corso Sempione', 207, 'Milano', to_date('28/08/1960', 'DD/MM/YYYY')),
('FRNLNA63M07L219R', 'Lorenzo', 'Ferrari', 'Corso Sempione', 529, 'Milano', to_date('07/08/1963', 'DD/MM/YYYY')),
('FRNLNA63M18L219T', 'Lorenzo', 'Ferrari', 'Corso Sempione', 598, 'Milano', to_date('18/08/1963', 'DD/MM/YYYY')),
('FRNLNA63M20L219U', 'Martina', 'Ferrari', 'Corso Sempione', 92, 'Milano', to_date('20/08/1963', 'DD/MM/YYYY')),
('FRNLNA63M22L219F', 'Marco', 'Ferrari', 'Corso Sempione', 299, 'Milano', to_date('22/08/1963', 'DD/MM/YYYY')),
('FRNLNA63M29L219U', 'Lorenzo', 'Ferrari', 'Corso Sempione', 666, 'Milano', to_date('29/08/1963', 'DD/MM/YYYY')),
('FRNLNA66M05L219G', 'Valentina', 'Ferrari', 'Corso Sempione', 322, 'Milano', to_date('05/08/1966', 'DD/MM/YYYY')),
('FRNLNA66M08L219E', 'Lorenzo', 'Ferrari', 'Corso Sempione', 276, 'Milano', to_date('08/08/1966', 'DD/MM/YYYY')),
('FRNLNA66M14L219A', 'Riccardo', 'Ferrari', 'Corso Sempione', 184, 'Milano', to_date('14/08/1966', 'DD/MM/YYYY')),
('FRNLNA66M15L219U', 'Lorenzo', 'Ferrari', 'Corso Sempione', 643, 'Milano', to_date('15/08/1966', 'DD/MM/YYYY')),
('FRNLNA66M21L219S', 'Lorenzo', 'Ferrari', 'Corso Sempione', 552, 'Milano', to_date('21/08/1966', 'DD/MM/YYYY')),
('FRNLNA69M04L219T', 'Lorenzo', 'Ferrari', 'Corso Sempione', 575, 'Milano', to_date('04/08/1969', 'DD/MM/YYYY')),
('FRNLNA69M11L219C', 'Stefano', 'Ferrari', 'Corso Sempione', 230, 'Milano', to_date('11/08/1969', 'DD/MM/YYYY')),
('FRNLNA69M26L219R', 'Simona', 'Ferrari', 'Corso Sempione', 15, 'Milano', to_date('26/08/1969', 'DD/MM/YYYY')),
('FRNLNA76P12L219Y', 'Anna', 'Ferrari', 'Corso Buenos Aires', 33, 'Milano', to_date('12/10/1976', 'DD/MM/YYYY')),
('FRNLNA79M06L219T', 'Chiara', 'Ferrari', 'Corso Magenta', 101, 'Milano', to_date('06/08/1979', 'DD/MM/YYYY')),
('FRNLNA84M17L219W', 'Paolo', 'Ferrari', 'Corso Sempione', 138, 'Milano', to_date('17/08/1984', 'DD/MM/YYYY')),
('FRNLNA88A23L219T', 'Riccardo', 'Ferrari', 'Corso Sempione', 68, 'Milano', to_date('23/01/1988', 'DD/MM/YYYY')),
('FRNLNA90M09L219S', 'Lorenzo', 'Ferrari', 'Corso Sempione', 735, 'Milano', to_date('09/08/1990', 'DD/MM/YYYY')),
('FRNLNA90M16L219L', 'Paolo', 'Ferrari', 'Corso Sempione', 391, 'Milano', to_date('16/08/1990', 'DD/MM/YYYY')),
('FRNLNA90M23L219T', 'Lorenzo', 'Ferrari', 'Corso Sempione', 758, 'Milano', to_date('23/08/1990', 'DD/MM/YYYY')),
('FRNLNA90M30L219M', 'Martina', 'Ferrari', 'Corso Sempione', 414, 'Milano', to_date('30/08/1990', 'DD/MM/YYYY')),
('FRNLNA92D09L219S', 'Lorenzo', 'Ferrari', 'Corso Magenta', 77, 'Milano', to_date('09/04/1992', 'DD/MM/YYYY')),
('FRNLNA93M19L219H', 'Lorenzo', 'Ferrari', 'Corso Sempione', 345, 'Milano', to_date('19/08/1993', 'DD/MM/YYYY')),
('FRNLNA95M03L219V', 'Fabrizio', 'Ferrari', 'Corso Sempione', 115, 'Milano', to_date('03/08/1995', 'DD/MM/YYYY')),
('FRNLNA96M02L219I', 'Chiara', 'Ferrari', 'Corso Sempione', 368, 'Milano', to_date('02/08/1996', 'DD/MM/YYYY')),
('FRNLNA96M27L219O', 'Chiara', 'Ferrari', 'Corso Sempione', 460, 'Milano', to_date('27/08/1996', 'DD/MM/YYYY')),
('FRNLNA98M31L219Z', 'Martina', 'Ferrari', 'Corso Sempione', 161, 'Milano', to_date('31/08/1998', 'DD/MM/YYYY')),
('FRNLNA99M01L219Q', 'Lorenzo', 'Ferrari', 'Corso Sempione', 621, 'Milano', to_date('01/08/1999', 'DD/MM/YYYY')),
('FRNLNA99M06L219R', 'Lorenzo', 'Ferrari', 'Corso Sempione', 781, 'Milano', to_date('06/08/1999', 'DD/MM/YYYY')),
('FRNLNA99M10L219P', 'Lorenzo', 'Ferrari', 'Corso Sempione', 483, 'Milano', to_date('10/08/1999', 'DD/MM/YYYY')),
('FRNLNA99M25L219D', 'Valentina', 'Ferrari', 'Corso Sempione', 253, 'Milano', to_date('25/08/1999', 'DD/MM/YYYY')),
('GVNRSS80A01L736X', 'Rossella', 'Gavin', 'Via dei Mille', 15, 'Lecco', to_date('01/01/1980', 'DD/MM/YYYY')),
('LCNGNN60A10L219L', 'Valentina', 'Lo Conte', 'Via della Spiga', 687, 'Milano', to_date('10/01/1960', 'DD/MM/YYYY')),
('LCNGNN60A17L219G', 'Martina', 'Lo Conte', 'Via della Spiga', 332, 'Milano', to_date('17/01/1960', 'DD/MM/YYYY')),
('LCNGNN60A24L219M', 'Valentina', 'Lo Conte', 'Via della Spiga', 710, 'Milano', to_date('24/01/1960', 'DD/MM/YYYY')),
('LCNGNN60A31L219H', 'Riccardo', 'Lo Conte', 'Via della Spiga', 355, 'Milano', to_date('31/01/1960', 'DD/MM/YYYY')),
('LCNGNN61B10L219T', 'Laura', 'Lo Conte', 'Via Sant''Andrea', 15, 'Milano', to_date('10/02/1961', 'DD/MM/YYYY')),
('LCNGNN63A02L219K', 'Valentina', 'Lo Conte', 'Via della Spiga', 560, 'Milano', to_date('02/01/1963', 'DD/MM/YYYY')),
('LCNGNN63A04L219Y', 'Chiara', 'Lo Conte', 'Via della Spiga', 55, 'Milano', to_date('04/01/1963', 'DD/MM/YYYY')),
('LCNGNN63A11L219I', 'Valentina', 'Lo Conte', 'Via della Spiga', 424, 'Milano', to_date('11/01/1963', 'DD/MM/YYYY')),
('LCNGNN63A20L219E', 'Valentina', 'Lo Conte', 'Via della Spiga', 286, 'Milano', to_date('20/01/1963', 'DD/MM/YYYY')),
('LCNGNN63A28L219I', 'Alessia', 'Lo Conte', 'Via della Spiga', 401, 'Milano', to_date('28/01/1963', 'DD/MM/YYYY')),
('LCNGNN66A01L219B', 'Riccardo', 'Lo Conte', 'Via della Spiga', 102, 'Milano', to_date('01/01/1966', 'DD/MM/YYYY')),
('LCNGNN66A03L219F', 'Alessia', 'Lo Conte', 'Via della Spiga', 309, 'Milano', to_date('03/01/1966', 'DD/MM/YYYY')),
('LCNGNN66A05L219I', 'Valentina', 'Lo Conte', 'Via della Spiga', 516, 'Milano', to_date('05/01/1966', 'DD/MM/YYYY')),
('LCNGNN66A26L219B', 'Stefano', 'Lo Conte', 'Via della Spiga', 194, 'Milano', to_date('26/01/1966', 'DD/MM/YYYY')),
('LCNGNN69A06L219C', 'Stefano', 'Lo Conte', 'Via della Spiga', 263, 'Milano', to_date('06/01/1969', 'DD/MM/YYYY')),
('LCNGNN69A12L219A', 'Anna', 'Lo Conte', 'Via della Spiga', 171, 'Milano', to_date('12/01/1969', 'DD/MM/YYYY')),
('LCNGNN77E27L219S', 'Andrea', 'Lo Conte', 'Via della Spiga', 6, 'Milano', to_date('27/05/1977', 'DD/MM/YYYY')),
('LCNGNN81R13L219A', 'Giovanni', 'Lo Conte', 'Via Montenapoleone', 18, 'Milano', to_date('13/10/1981', 'DD/MM/YYYY')),
('LCNGNN85A29L219Z', 'Paolo', 'Lo Conte', 'Via della Spiga', 148, 'Milano', to_date('29/01/1985', 'DD/MM/YYYY')),
('LCNGNN88E21L219V', 'Fabrizio', 'Lo Conte', 'Via Santo Spirito', 33, 'Milano', to_date('21/05/1988', 'DD/MM/YYYY')),
('LCNGNN90A27L219M', 'Valentina', 'Lo Conte', 'Via della Spiga', 665, 'Milano', to_date('27/01/1990', 'DD/MM/YYYY')),
('LCNGNN91A18L219X', 'Martina', 'Lo Conte', 'Via della Spiga', 79, 'Milano', to_date('18/01/1991', 'DD/MM/YYYY')),
('LCNGNN93A08L219F', 'Valentina', 'Lo Conte', 'Via della Spiga', 470, 'Milano', to_date('08/01/1993', 'DD/MM/YYYY')),
('LCNGNN93A13L219L', 'Valentina', 'Lo Conte', 'Via della Spiga', 623, 'Milano', to_date('13/01/1993', 'DD/MM/YYYY')),
('LCNGNN93A14L219G', 'Chiara', 'Lo Conte', 'Via della Spiga', 378, 'Milano', to_date('14/01/1993', 'DD/MM/YYYY')),
('LCNGNN93A15L219Y', 'Chiara', 'Lo Conte', 'Via della Spiga', 125, 'Milano', to_date('15/01/1993', 'DD/MM/YYYY')),
('LCNGNN95D07L219U', 'Riccardo', 'Lo Conte', 'Via Sant''Andrea', 40, 'Milano', to_date('07/04/1995', 'DD/MM/YYYY')),
('LCNGNN96A09L219C', 'Valentina', 'Lo Conte', 'Via della Spiga', 217, 'Milano', to_date('09/01/1996', 'DD/MM/YYYY')),
('LCNGNN96A22L219G', 'Valentina', 'Lo Conte', 'Via della Spiga', 493, 'Milano', to_date('22/01/1996', 'DD/MM/YYYY')),
('LCNGNN96A25L219D', 'Valentina', 'Lo Conte', 'Via della Spiga', 447, 'Milano', to_date('25/01/1996', 'DD/MM/YYYY')),
('LCNGNN96A30L219H', 'Valentina', 'Lo Conte', 'Via della Spiga', 602, 'Milano', to_date('30/01/1996', 'DD/MM/YYYY')),
('LCNGNN99A07L219O', 'Valentina', 'Lo Conte', 'Via della Spiga', 733, 'Milano', to_date('07/01/1999', 'DD/MM/YYYY')),
('LCNGNN99A16L219F', 'Valentina', 'Lo Conte', 'Via della Spiga', 581, 'Milano', to_date('16/01/1999', 'DD/MM/YYYY')),
('LCNGNN99A19L219E', 'Valentina', 'Lo Conte', 'Via della Spiga', 538, 'Milano', to_date('19/01/1999', 'DD/MM/YYYY')),
('LCNGNN99A23L219D', 'Silvia', 'Lo Conte', 'Via della Spiga', 240, 'Milano', to_date('23/01/1999', 'DD/MM/YYYY')),
('LCNGNN99P24L219U', 'Chiara', 'Lo Conte', 'Via Santo Spirito', 11, 'Milano', to_date('24/09/1999', 'DD/MM/YYYY')),
('LMBRRT60A22L219P', 'Rita', 'Lombardi', 'Piazza Duomo', 14, 'Milano', to_date('22/01/1960', 'DD/MM/YYYY')),
('LMBRRT60S05L219M', 'Giovanni', 'Lombardi', 'Piazza San Marco', 755, 'Venezia', to_date('05/11/1960', 'DD/MM/YYYY')),
('LMBRRT60S09L219F', 'Elena', 'Lombardi', 'Piazza San Marco', 455, 'Venezia', to_date('09/11/1960', 'DD/MM/YYYY')),
('LMBRRT60S12L219D', 'Martina', 'Lombardi', 'Piazza San Marco', 408, 'Venezia', to_date('12/11/1960', 'DD/MM/YYYY')),
('LMBRRT60S19L219N', 'Giovanni', 'Lombardi', 'Piazza San Marco', 778, 'Venezia', to_date('19/11/1960', 'DD/MM/YYYY')),
('LMBRRT60S22L219L', 'Giovanni', 'Lombardi', 'Piazza San Marco', 732, 'Venezia', to_date('22/11/1960', 'DD/MM/YYYY')),
('LMBRRT62S04L219Z', 'Giovanni', 'Lombardi', 'Piazza San Marco', 293, 'Venezia', to_date('04/11/1962', 'DD/MM/YYYY')),
('LMBRRT63S08L219K', 'Giovanni', 'Lombardi', 'Piazza San Marco', 707, 'Venezia', to_date('08/11/1963', 'DD/MM/YYYY')),
('LMBRRT63S23L219G', 'Giovanni', 'Lombardi', 'Piazza San Marco', 478, 'Venezia', to_date('23/11/1963', 'DD/MM/YYYY')),
('LMBRRT63S28L219I', 'Giovanni', 'Lombardi', 'Piazza San Marco', 639, 'Venezia', to_date('28/11/1963', 'DD/MM/YYYY')),
('LMBRRT65S16L219T', 'Anna', 'Lombardi', 'Piazza San Marco', 99, 'Venezia', to_date('16/11/1965', 'DD/MM/YYYY')),
('LMBRRT66S06L219H', 'Giovanni', 'Lombardi', 'Piazza San Marco', 501, 'Venezia', to_date('06/11/1966', 'DD/MM/YYYY')),
('LMBRRT66S25L219J', 'Giovanni', 'Lombardi', 'Piazza San Marco', 684, 'Venezia', to_date('25/11/1966', 'DD/MM/YYYY')),
('LMBRRT66S29L219C', 'Paolo', 'Lombardi', 'Piazza San Marco', 385, 'Venezia', to_date('29/11/1966', 'DD/MM/YYYY')),
('LMBRRT68S10L219V', 'Elena', 'Lombardi', 'Piazza San Marco', 201, 'Venezia', to_date('10/11/1968', 'DD/MM/YYYY')),
('LMBRRT69S01L219A', 'Elena', 'Lombardi', 'Piazza San Marco', 339, 'Venezia', to_date('01/11/1969', 'DD/MM/YYYY')),
('LMBRRT69S11L219F', 'Giovanni', 'Lombardi', 'Piazza San Marco', 661, 'Venezia', to_date('11/11/1969', 'DD/MM/YYYY')),
('LMBRRT69S14L219E', 'Giovanni', 'Lombardi', 'Piazza San Marco', 616, 'Venezia', to_date('14/11/1969', 'DD/MM/YYYY')),
('LMBRRT69S20L219I', 'Giovanni', 'Lombardi', 'Piazza San Marco', 524, 'Venezia', to_date('20/11/1969', 'DD/MM/YYYY')),
('LMBRRT73S24L219W', 'Giovanni', 'Lombardi', 'Piazza San Marco', 224, 'Venezia', to_date('24/11/1973', 'DD/MM/YYYY')),
('LMBRRT76A27L219Z', 'Sara', 'Lombardi', 'Piazza San Marco', 178, 'Venezia', to_date('27/01/1976', 'DD/MM/YYYY')),
('LMBRRT79M19L219R', 'Paolo', 'Lombardi', 'Piazza San Marco', 45, 'Venezia', to_date('19/08/1979', 'DD/MM/YYYY')),
('LMBRRT81S13L219U', 'Fabrizio', 'Lombardi', 'Piazza San Marco', 155, 'Venezia', to_date('13/11/1981', 'DD/MM/YYYY')),
('LMBRRT86A02L219S', 'Martina', 'Lombardi', 'Piazza San Marco', 78, 'Venezia', to_date('02/01/1986', 'DD/MM/YYYY')),
('LMBRRT88S07L219X', 'Paolo', 'Lombardi', 'Piazza San Marco', 247, 'Venezia', to_date('07/11/1988', 'DD/MM/YYYY')),
('LMBRRT90S26L219E', 'Sara', 'Lombardi', 'Piazza San Marco', 431, 'Venezia', to_date('26/11/1990', 'DD/MM/YYYY')),
('LMBRRT91A30L219T', 'Sara', 'Lombardi', 'Piazza San Marco', 122, 'Venezia', to_date('30/01/1991', 'DD/MM/YYYY')),
('LMBRRT93S15L219B', 'Giovanni', 'Lombardi', 'Piazza San Marco', 362, 'Venezia', to_date('15/11/1993', 'DD/MM/YYYY')),
('LMBRRT94S21L219Y', 'Chiara', 'Lombardi', 'Piazza San Marco', 270, 'Venezia', to_date('21/11/1994', 'DD/MM/YYYY')),
('LMBRRT96S03L219C', 'Giovanni', 'Lombardi', 'Piazza San Marco', 547, 'Venezia', to_date('03/11/1996', 'DD/MM/YYYY')),
('LMBRRT96S05L219Q', 'Chiara', 'Lombardi', 'Piazza San Marco', 1, 'Venezia', to_date('05/11/1996', 'DD/MM/YYYY')),
('LMBRRT99S02L219O', 'Giovanni', 'Lombardi', 'Piazza San Marco', 801, 'Venezia', to_date('02/11/1999', 'DD/MM/YYYY')),
('LMBRRT99S17L219D', 'Giovanni', 'Lombardi', 'Piazza San Marco', 570, 'Venezia', to_date('17/11/1999', 'DD/MM/YYYY')),
('LMBRRT99S18L219Z', 'Fabrizio', 'Lombardi', 'Piazza San Marco', 316, 'Venezia', to_date('18/11/1999', 'DD/MM/YYYY')),
('LMRSLV79B08G273Z', 'Silvio', 'Lami', 'Via Roma', 10, 'Firenze', to_date('08/02/1979', 'DD/MM/YYYY')),
('MNTLSS60A28H501G', 'Elena', 'Monti', 'Via del Tritone', 199, 'Roma', to_date('28/01/1960', 'DD/MM/YYYY')),
('MNTLSS60E03H501B', 'Luca', 'Monti', 'Via del Tritone', 808, 'Roma', to_date('03/05/1960', 'DD/MM/YYYY')),
('MNTLSS60E07H501T', 'Laura', 'Monti', 'Via del Tritone', 510, 'Roma', to_date('07/05/1960', 'DD/MM/YYYY')),
('MNTLSS60E10H501S', 'Chiara', 'Monti', 'Via del Tritone', 464, 'Roma', to_date('10/05/1960', 'DD/MM/YYYY')),
('MNTLSS60E17H501C', 'Luca', 'Monti', 'Via del Tritone', 831, 'Roma', to_date('17/05/1960', 'DD/MM/YYYY')),
('MNTLSS60E20H501A', 'Luca', 'Monti', 'Via del Tritone', 785, 'Roma', to_date('20/05/1960', 'DD/MM/YYYY')),
('MNTLSS60E21H501U', 'Marco', 'Monti', 'Via del Tritone', 533, 'Roma', to_date('21/05/1960', 'DD/MM/YYYY')),
('MNTLSS63E02H501P', 'Luca', 'Monti', 'Via del Tritone', 349, 'Roma', to_date('02/05/1963', 'DD/MM/YYYY')),
('MNTLSS63E06H501A', 'Luca', 'Monti', 'Via del Tritone', 762, 'Roma', to_date('06/05/1963', 'DD/MM/YYYY')),
('MNTLSS63E18H501V', 'Luca', 'Monti', 'Via del Tritone', 579, 'Roma', to_date('18/05/1963', 'DD/MM/YYYY')),
('MNTLSS63E22H501L', 'Marco', 'Monti', 'Via del Tritone', 280, 'Roma', to_date('22/05/1963', 'DD/MM/YYYY')),
('MNTLSS66D17H501D', 'Stefano', 'Monti', 'Via Nazionale', 198, 'Roma', to_date('17/04/1966', 'DD/MM/YYYY')),
('MNTLSS66E01H501W', 'Marco', 'Monti', 'Via del Tritone', 602, 'Roma', to_date('01/05/1966', 'DD/MM/YYYY')),
('MNTLSS66E23H501Z', 'Luca', 'Monti', 'Via del Tritone', 739, 'Roma', to_date('23/05/1966', 'DD/MM/YYYY')),
('MNTLSS66E29H501Y', 'Luca', 'Monti', 'Via del Tritone', 648, 'Roma', to_date('29/05/1966', 'DD/MM/YYYY')),
('MNTLSS66E30H501Q', 'Sara', 'Monti', 'Via del Tritone', 395, 'Roma', to_date('30/05/1966', 'DD/MM/YYYY')),
('MNTLSS68E05H501M', 'Marco', 'Monti', 'Via del Tritone', 303, 'Roma', to_date('05/05/1968', 'DD/MM/YYYY')),
('MNTLSS69E09H501Z', 'Luca', 'Monti', 'Via del Tritone', 717, 'Roma', to_date('09/05/1969', 'DD/MM/YYYY')),
('MNTLSS69E15H501X', 'Luca', 'Monti', 'Via del Tritone', 625, 'Roma', to_date('15/05/1969', 'DD/MM/YYYY')),
('MNTLSS71E08H501K', 'Laura', 'Monti', 'Via del Tritone', 257, 'Roma', to_date('08/05/1971', 'DD/MM/YYYY')),
('MNTLSS78R20H501B', 'Alessandra', 'Monti', 'Via Nazionale', 201, 'Roma', to_date('20/10/1978', 'DD/MM/YYYY')),
('MNTLSS81E14H501F', 'Sara', 'Monti', 'Via Nazionale', 21, 'Roma', to_date('14/05/1981', 'DD/MM/YYYY')),
('MNTLSS89A03H501C', 'Federica', 'Monti', 'Via del Corso', 18, 'Roma', to_date('03/01/1989', 'DD/MM/YYYY')),
('MNTLSS90E24H501S', 'Elena', 'Monti', 'Via del Tritone', 487, 'Roma', to_date('24/05/1990', 'DD/MM/YYYY')),
('MNTLSS91B31H501E', 'Francesca', 'Monti', 'Via del Tritone', 165, 'Roma', to_date('28/02/1991', 'DD/MM/YYYY')),
('MNTLSS93E16H501P', 'Paolo', 'Monti', 'Via del Tritone', 372, 'Roma', to_date('16/05/1993', 'DD/MM/YYYY')),
('MNTLSS95B25H501I', 'Elena', 'Monti', 'Via del Tritone', 234, 'Roma', to_date('25/02/1995', 'DD/MM/YYYY')),
('MNTLSS96E12H501Y', 'Marco', 'Monti', 'Via del Tritone', 671, 'Roma', to_date('12/05/1996', 'DD/MM/YYYY')),
('MNTLSS96E13H501R', 'Luca', 'Monti', 'Via del Tritone', 418, 'Roma', to_date('13/05/1996', 'DD/MM/YYYY')),
('MNTLSS96E27H501S', 'Elena', 'Monti', 'Via del Tritone', 441, 'Roma', to_date('27/05/1996', 'DD/MM/YYYY')),
('MNTLSS98A11H501H', 'Giovanni', 'Monti', 'Via del Tritone', 211, 'Roma', to_date('11/01/1998', 'DD/MM/YYYY')),
('MNTLSS99E04H501T', 'Marco', 'Monti', 'Via del Tritone', 556, 'Roma', to_date('04/05/1999', 'DD/MM/YYYY')),
('MNTLSS99E14H501B', 'Luca', 'Monti', 'Via del Tritone', 877, 'Roma', to_date('14/05/1999', 'DD/MM/YYYY')),
('MNTLSS99E19H501N', 'Sara', 'Monti', 'Via del Tritone', 326, 'Roma', to_date('19/05/1999', 'DD/MM/YYYY')),
('MNTLSS99E26H501Z', 'Luca', 'Monti', 'Via del Tritone', 694, 'Roma', to_date('26/05/1999', 'DD/MM/YYYY')),
('MNTLSS99E31H501A', 'Luca', 'Monti', 'Via del Tritone', 854, 'Roma', to_date('31/05/1999', 'DD/MM/YYYY')),
('MRTGLL60T06H501I', 'Sara', 'Martini', 'Corso Vittorio Emanuele II', 306, 'Roma', to_date('06/12/1960', 'DD/MM/YYYY')),
('MRTGLL60T07H501X', 'Sara', 'Martini', 'Corso Vittorio Emanuele II', 757, 'Roma', to_date('07/12/1960', 'DD/MM/YYYY')),
('MRTGLL60T11H501P', 'Paolo', 'Martini', 'Corso Vittorio Emanuele II', 467, 'Roma', to_date('11/12/1960', 'DD/MM/YYYY')),
('MRTGLL60T14H501O', 'Riccardo', 'Martini', 'Corso Vittorio Emanuele II', 421, 'Roma', to_date('14/12/1960', 'DD/MM/YYYY')),
('MRTGLL60T24H501W', 'Sara', 'Martini', 'Corso Vittorio Emanuele II', 734, 'Roma', to_date('24/12/1960', 'DD/MM/YYYY')),
('MRTGLL61B21H501A', 'Andrea', 'Martini', 'Corso Vittorio Emanuele II', 101, 'Roma', to_date('21/02/1961', 'DD/MM/YYYY')),
('MRTGLL63T10H501V', 'Sara', 'Martini', 'Corso Vittorio Emanuele II', 709, 'Roma', to_date('10/12/1963', 'DD/MM/YYYY')),
('MRTGLL63T25H501Q', 'Sara', 'Martini', 'Corso Vittorio Emanuele II', 480, 'Roma', to_date('25/12/1963', 'DD/MM/YYYY')),
('MRTGLL63T30H501U', 'Sara', 'Martini', 'Corso Vittorio Emanuele II', 641, 'Roma', to_date('30/12/1963', 'DD/MM/YYYY')),
('MRTGLL64T29H501E', 'Chiara', 'Martini', 'Corso Vittorio Emanuele II', 191, 'Roma', to_date('29/12/1964', 'DD/MM/YYYY')),
('MRTGLL66T02H501S', 'Sara', 'Martini', 'Corso Vittorio Emanuele II', 595, 'Roma', to_date('02/12/1966', 'DD/MM/YYYY')),
('MRTGLL66T08H501R', 'Sara', 'Martini', 'Corso Vittorio Emanuele II', 503, 'Roma', to_date('08/12/1966', 'DD/MM/YYYY')),
('MRTGLL66T27H501W', 'Sara', 'Martini', 'Corso Vittorio Emanuele II', 686, 'Roma', to_date('27/12/1966', 'DD/MM/YYYY')),
('MRTGLL66T31H501N', 'Fabrizio', 'Martini', 'Corso Vittorio Emanuele II', 398, 'Roma', to_date('31/12/1966', 'DD/MM/YYYY')),
('MRTGLL67T26H501F', 'Fabrizio', 'Martini', 'Corso Vittorio Emanuele II', 237, 'Roma', to_date('26/12/1967', 'DD/MM/YYYY')),
('MRTGLL69T03H501M', 'Laura', 'Martini', 'Corso Vittorio Emanuele II', 352, 'Roma', to_date('03/12/1969', 'DD/MM/YYYY')),
('MRTGLL69T13H501V', 'Sara', 'Martini', 'Corso Vittorio Emanuele II', 663, 'Roma', to_date('13/12/1969', 'DD/MM/YYYY')),
('MRTGLL69T16H501U', 'Sara', 'Martini', 'Corso Vittorio Emanuele II', 618, 'Roma', to_date('16/12/1969', 'DD/MM/YYYY')),
('MRTGLL69T19H501T', 'Sara', 'Martini', 'Corso Vittorio Emanuele II', 572, 'Roma', to_date('19/12/1969', 'DD/MM/YYYY')),
('MRTGLL73T18H501C', 'Francesca', 'Martini', 'Corso Vittorio Emanuele II', 122, 'Roma', to_date('18/12/1973', 'DD/MM/YYYY')),
('MRTGLL77T07H501Z', 'Simone', 'Martini', 'Corso Rinascimento', 24, 'Roma', to_date('07/12/1977', 'DD/MM/YYYY')),
('MRTGLL79T12H501F', 'Paolo', 'Martini', 'Corso Vittorio Emanuele II', 214, 'Roma', to_date('12/12/1979', 'DD/MM/YYYY')),
('MRTGLL82D24H501Y', 'Marco', 'Martini', 'Corso Vittorio Emanuele II', 88, 'Roma', to_date('24/04/1982', 'DD/MM/YYYY')),
('MRTGLL85T09H501G', 'Fabrizio', 'Martini', 'Corso Vittorio Emanuele II', 260, 'Roma', to_date('09/12/1985', 'DD/MM/YYYY')),
('MRTGLL88C01H501C', 'Stefano', 'Martini', 'Corso Vittorio Emanuele II', 145, 'Roma', to_date('01/03/1988', 'DD/MM/YYYY')),
('MRTGLL90T23H501H', 'Laura', 'Martini', 'Corso Vittorio Emanuele II', 283, 'Roma', to_date('23/12/1990', 'DD/MM/YYYY')),
('MRTGLL90T28H501O', 'Chiara', 'Martini', 'Corso Vittorio Emanuele II', 444, 'Roma', to_date('28/12/1990', 'DD/MM/YYYY')),
('MRTGLL91A10B715A', 'Giulia', 'Martini', 'Via Torino', 5, 'Torino', to_date('10/01/1991', 'DD/MM/YYYY')),
('MRTGLL93T05H501T', 'Sara', 'Martini', 'Corso Vittorio Emanuele II', 549, 'Roma', to_date('05/12/1993', 'DD/MM/YYYY')),
('MRTGLL93T15H501D', 'Riccardo', 'Martini', 'Corso Vittorio Emanuele II', 168, 'Roma', to_date('15/12/1993', 'DD/MM/YYYY')),
('MRTGLL96T20H501L', 'Giovanni', 'Martini', 'Corso Vittorio Emanuele II', 329, 'Roma', to_date('20/12/1996', 'DD/MM/YYYY')),
('MRTGLL96T22H501S', 'Sara', 'Martini', 'Corso Vittorio Emanuele II', 526, 'Roma', to_date('22/12/1996', 'DD/MM/YYYY')),
('MRTGLL98C04H501B', 'Alessia', 'Martini', 'Corso Rinascimento', 55, 'Roma', to_date('04/03/1998', 'DD/MM/YYYY')),
('MRTGLL99T04H501Y', 'Sara', 'Martini', 'Corso Vittorio Emanuele II', 803, 'Roma', to_date('04/12/1999', 'DD/MM/YYYY')),
('MRTGLL99T17H501M', 'Sara', 'Martini', 'Corso Vittorio Emanuele II', 375, 'Roma', to_date('17/12/1999', 'DD/MM/YYYY')),
('MRTGLL99T21H501X', 'Sara', 'Martini', 'Corso Vittorio Emanuele II', 780, 'Roma', to_date('21/12/1999', 'DD/MM/YYYY')),
('MSTFBA60R03L736P', 'Anna', 'Mastroianni', 'Via del Babuino', 392, 'Roma', to_date('03/10/1960', 'DD/MM/YYYY')),
('MSTFBA60R13L736X', 'Chiara', 'Mastroianni', 'Via del Babuino', 724, 'Roma', to_date('13/10/1960', 'DD/MM/YYYY')),
('MSTFBA60R16L736V', 'Chiara', 'Mastroianni', 'Via del Babuino', 663, 'Roma', to_date('16/10/1960', 'DD/MM/YYYY')),
('MSTFBA60R17L736Q', 'Chiara', 'Mastroianni', 'Via del Babuino', 415, 'Roma', to_date('17/10/1960', 'DD/MM/YYYY')),
('MSTFBA60R30L736W', 'Chiara', 'Mastroianni', 'Via del Babuino', 701, 'Roma', to_date('30/10/1960', 'DD/MM/YYYY')),
('MSTFBA60R31L736R', 'Chiara', 'Mastroianni', 'Via del Babuino', 438, 'Roma', to_date('31/10/1960', 'DD/MM/YYYY')),
('MSTFBA61S10L736A', 'Elena', 'Mastroianni', 'Via Condotti', 12, 'Roma', to_date('10/11/1961', 'DD/MM/YYYY')),
('MSTFBA63R01L736E', 'Luca', 'Mastroianni', 'Via del Babuino', 186, 'Roma', to_date('01/10/1963', 'DD/MM/YYYY')),
('MSTFBA63R02L736U', 'Chiara', 'Mastroianni', 'Via del Babuino', 641, 'Roma', to_date('02/10/1963', 'DD/MM/YYYY')),
('MSTFBA63R06L736M', 'Elena', 'Mastroianni', 'Via del Babuino', 347, 'Roma', to_date('06/10/1963', 'DD/MM/YYYY')),
('MSTFBA63R14L736S', 'Chiara', 'Mastroianni', 'Via del Babuino', 461, 'Roma', to_date('14/10/1963', 'DD/MM/YYYY')),
('MSTFBA63R22L736T', 'Chiara', 'Mastroianni', 'Via del Babuino', 576, 'Roma', to_date('22/10/1963', 'DD/MM/YYYY')),
('MSTFBA65B16L736E', 'Fabio', 'Mastroianni', 'Via Vittorio Veneto', 110, 'Roma', to_date('16/02/1965', 'DD/MM/YYYY')),
('MSTFBA66R19L736W', 'Chiara', 'Mastroianni', 'Via del Babuino', 617, 'Roma', to_date('19/10/1966', 'DD/MM/YYYY')),
('MSTFBA66R25L736V', 'Chiara', 'Mastroianni', 'Via del Babuino', 530, 'Roma', to_date('25/10/1966', 'DD/MM/YYYY')),
('MSTFBA66R26L736H', 'Riccardo', 'Mastroianni', 'Via del Babuino', 278, 'Roma', to_date('26/10/1966', 'DD/MM/YYYY')),
('MSTFBA66R28L736T', 'Chiara', 'Mastroianni', 'Via del Babuino', 484, 'Roma', to_date('28/10/1966', 'DD/MM/YYYY')),
('MSTFBA68C24L736L', 'Alessia', 'Mastroianni', 'Via del Babuino', 116, 'Roma', to_date('24/03/1968', 'DD/MM/YYYY')),
('MSTFBA69R05L736A', 'Chiara', 'Mastroianni', 'Via del Babuino', 599, 'Roma', to_date('05/10/1969', 'DD/MM/YYYY')),
('MSTFBA69R08L736W', 'Chiara', 'Mastroianni', 'Via del Babuino', 553, 'Roma', to_date('08/10/1969', 'DD/MM/YYYY')),
('MSTFBA69R11L736U', 'Chiara', 'Mastroianni', 'Via del Babuino', 507, 'Roma', to_date('11/10/1969', 'DD/MM/YYYY')),
('MSTFBA69R12L736G', 'Chiara', 'Mastroianni', 'Via del Babuino', 255, 'Roma', to_date('12/10/1969', 'DD/MM/YYYY')),
('MSTFBA72R13L736H', 'Luca', 'Mastroianni', 'Via Condotti', 61, 'Roma', to_date('13/10/1972', 'DD/MM/YYYY')),
('MSTFBA77R04L736C', 'Anna', 'Mastroianni', 'Via del Babuino', 162, 'Roma', to_date('04/10/1977', 'DD/MM/YYYY')),
('MSTFBA80R15L736F', 'Alessia', 'Mastroianni', 'Via del Babuino', 209, 'Roma', to_date('15/10/1980', 'DD/MM/YYYY')),
('MSTFBA81S30L736G', 'Davide', 'Mastroianni', 'Via del Tritone', 132, 'Roma', to_date('30/11/1981', 'DD/MM/YYYY')),
('MSTFBA83R29L736H', 'Silvia', 'Mastroianni', 'Via del Babuino', 232, 'Roma', to_date('29/10/1983', 'DD/MM/YYYY')),
('MSTFBA90R18L736D', 'Chiara', 'Mastroianni', 'Via del Babuino', 185, 'Roma', to_date('18/10/1990', 'DD/MM/YYYY')),
('MSTFBA90R20L736N', 'Andrea', 'Mastroianni', 'Via del Babuino', 370, 'Roma', to_date('20/10/1990', 'DD/MM/YYYY')),
('MSTFBA92R07L736B', 'Silvia', 'Mastroianni', 'Via del Babuino', 15, 'Roma', to_date('07/10/1992', 'DD/MM/YYYY')),
('MSTFBA93R09L736I', 'Silvia', 'Mastroianni', 'Via del Babuino', 301, 'Roma', to_date('09/10/1993', 'DD/MM/YYYY')),
('MSTFBA95C21L736M', 'Andrea', 'Mastroianni', 'Via del Babuino', 139, 'Roma', to_date('21/03/1995', 'DD/MM/YYYY')),
('MSTFBA96R23L736L', 'Chiara', 'Mastroianni', 'Via del Babuino', 324, 'Roma', to_date('23/10/1996', 'DD/MM/YYYY')),
('MSTFBA97C27L736I', 'Marco', 'Mastroianni', 'Via del Babuino', 93, 'Roma', to_date('27/03/1997', 'DD/MM/YYYY')),
('MSTFBA99R10L736B', 'Chiara', 'Mastroianni', 'Via del Babuino', 770, 'Roma', to_date('10/10/1999', 'DD/MM/YYYY')),
('MSTFBA99R27L736A', 'Chiara', 'Mastroianni', 'Via del Babuino', 747, 'Roma', to_date('27/10/1999', 'DD/MM/YYYY')),
('RCCLRT60A14E472F', 'Stefano', 'Ricci', 'Via Duomo', 808, 'Napoli', to_date('14/01/1960', 'DD/MM/YYYY')),
('RCCLRT60A17E472D', 'Stefano', 'Ricci', 'Via Duomo', 762, 'Napoli', to_date('17/01/1960', 'DD/MM/YYYY')),
('RCCLRT60A21E472U', 'Silvio', 'Ricci', 'Via Duomo', 464, 'Napoli', to_date('21/01/1960', 'DD/MM/YYYY')),
('RCCLRT60A28E472G', 'Stefano', 'Ricci', 'Via Duomo', 831, 'Napoli', to_date('28/01/1960', 'DD/MM/YYYY')),
('RCCLRT60A31E472E', 'Stefano', 'Ricci', 'Via Duomo', 785, 'Napoli', to_date('31/01/1960', 'DD/MM/YYYY')),
('RCCLRT61A08E472C', 'Laura', 'Ricci', 'Via Duomo', 188, 'Napoli', to_date('08/01/1961', 'DD/MM/YYYY')),
('RCCLRT63A03E472D', 'Stefano', 'Ricci', 'Via Duomo', 739, 'Napoli', to_date('03/01/1963', 'DD/MM/YYYY')),
('RCCLRT63A13E472P', 'Stefano', 'Ricci', 'Via Duomo', 349, 'Napoli', to_date('13/01/1963', 'DD/MM/YYYY')),
('RCCLRT63A15E472W', 'Stefano', 'Ricci', 'Via Duomo', 556, 'Napoli', to_date('15/01/1963', 'DD/MM/YYYY')),
('RCCLRT63A23E472B', 'Stefano', 'Ricci', 'Via Duomo', 671, 'Napoli', to_date('23/01/1963', 'DD/MM/YYYY')),
('RCCLRT63A24E472S', 'Stefano', 'Ricci', 'Via Duomo', 418, 'Napoli', to_date('24/01/1963', 'DD/MM/YYYY')),
('RCCLRT64A22E472D', 'Silvio', 'Ricci', 'Via Duomo', 211, 'Napoli', to_date('22/01/1964', 'DD/MM/YYYY')),
('RCCLRT66A10E472R', 'Alessia', 'Ricci', 'Via Duomo', 395, 'Napoli', to_date('10/01/1966', 'DD/MM/YYYY')),
('RCCLRT66A19E472E', 'Stefano', 'Ricci', 'Via Duomo', 257, 'Napoli', to_date('19/01/1966', 'DD/MM/YYYY')),
('RCCLRT66A20E472D', 'Stefano', 'Ricci', 'Via Duomo', 717, 'Napoli', to_date('20/01/1966', 'DD/MM/YYYY')),
('RCCLRT66A26E472A', 'Stefano', 'Ricci', 'Via Duomo', 625, 'Napoli', to_date('26/01/1966', 'DD/MM/YYYY')),
('RCCLRT66A29E472Y', 'Stefano', 'Ricci', 'Via Duomo', 579, 'Napoli', to_date('29/01/1966', 'DD/MM/YYYY')),
('RCCLRT68S14E472G', 'Silvia', 'Ricci', 'Via Foria', 11, 'Napoli', to_date('14/11/1968', 'DD/MM/YYYY')),
('RCCLRT69A06E472C', 'Stefano', 'Ricci', 'Via Duomo', 694, 'Napoli', to_date('06/01/1969', 'DD/MM/YYYY')),
('RCCLRT69A09E472B', 'Stefano', 'Ricci', 'Via Duomo', 648, 'Napoli', to_date('09/01/1969', 'DD/MM/YYYY')),
('RCCLRT69A12E472Z', 'Stefano', 'Ricci', 'Via Duomo', 602, 'Napoli', to_date('12/01/1969', 'DD/MM/YYYY')),
('RCCLRT69A16E472N', 'Luca', 'Ricci', 'Via Duomo', 303, 'Napoli', to_date('16/01/1969', 'DD/MM/YYYY')),
('RCCLRT71A28E472H', 'Elena', 'Ricci', 'Via Duomo', 142, 'Napoli', to_date('28/01/1971', 'DD/MM/YYYY')),
('RCCLRT74B31E472F', 'Francesca', 'Ricci', 'Via dei Tribunali', 228, 'Napoli', to_date('28/02/1974', 'DD/MM/YYYY')),
('RCCLRT82M17E472S', 'Roberta', 'Ricci', 'Corso Umberto I', 55, 'Napoli', to_date('17/08/1982', 'DD/MM/YYYY')),
('RCCLRT85A25E472I', 'Paolo', 'Ricci', 'Via Duomo', 175, 'Napoli', to_date('25/01/1985', 'DD/MM/YYYY')),
('RCCLRT90A04E472V', 'Luca', 'Ricci', 'Via Duomo', 487, 'Napoli', to_date('04/01/1990', 'DD/MM/YYYY')),
('RCCLRT91A02E472M', 'Elena', 'Ricci', 'Via Duomo', 280, 'Napoli', to_date('02/01/1991', 'DD/MM/YYYY')),
('RCCLRT93A07E472T', 'Giovanni', 'Ricci', 'Via Duomo', 441, 'Napoli', to_date('07/01/1993', 'DD/MM/YYYY')),
('RCCLRT93B11E472I', 'Giovanni', 'Ricci', 'Via Foria', 48, 'Napoli', to_date('11/02/1993', 'DD/MM/YYYY')),
('RCCLRT96A18E472W', 'Stefano', 'Ricci', 'Via Duomo', 510, 'Napoli', to_date('18/01/1996', 'DD/MM/YYYY')),
('RCCLRT96A27E472Q', 'Chiara', 'Ricci', 'Via Duomo', 372, 'Napoli', to_date('27/01/1996', 'DD/MM/YYYY')),
('RCCLRT98A30E472O', 'Alessia', 'Ricci', 'Via Duomo', 326, 'Napoli', to_date('30/01/1998', 'DD/MM/YYYY')),
('RCCLRT99A01E472X', 'Stefano', 'Ricci', 'Via Duomo', 533, 'Napoli', to_date('01/01/1999', 'DD/MM/YYYY')),
('RCCLRT99A05E472L', 'Luca', 'Ricci', 'Via Duomo', 234, 'Napoli', to_date('05/01/1999', 'DD/MM/YYYY')),
('RCCLRT99A11E472H', 'Stefano', 'Ricci', 'Via Duomo', 854, 'Napoli', to_date('11/01/1999', 'DD/MM/YYYY')),
('RCDGRG60A04F205E', 'Elena', 'Riccardi', 'Via Monte Napoleone', 663, 'Milano', to_date('04/01/1960', 'DD/MM/YYYY')),
('RCDGRG60A18F205F', 'Elena', 'Riccardi', 'Via Monte Napoleone', 685, 'Milano', to_date('18/01/1960', 'DD/MM/YYYY')),
('RCDGRG60A21F205D', 'Elena', 'Riccardi', 'Via Monte Napoleone', 641, 'Milano', to_date('21/01/1960', 'DD/MM/YYYY')),
('RCDGRG60A25F205S', 'Giovanni', 'Riccardi', 'Via Monte Napoleone', 343, 'Milano', to_date('25/01/1960', 'DD/MM/YYYY')),
('RCDGRG61M26F205H', 'Giovanni', 'Riccardi', 'Via Monte Napoleone', 90, 'Milano', to_date('26/08/1961', 'DD/MM/YYYY')),
('RCDGRG62A17F205N', 'Sara', 'Riccardi', 'Via Monte Napoleone', 228, 'Milano', to_date('17/01/1962', 'DD/MM/YYYY')),
('RCDGRG63A05F205U', 'Elena', 'Riccardi', 'Via Monte Napoleone', 412, 'Milano', to_date('05/01/1963', 'DD/MM/YYYY')),
('RCDGRG63A07F205C', 'Elena', 'Riccardi', 'Via Monte Napoleone', 621, 'Milano', to_date('07/01/1963', 'DD/MM/YYYY')),
('RCDGRG63A27F205A', 'Elena', 'Riccardi', 'Via Monte Napoleone', 550, 'Milano', to_date('27/01/1963', 'DD/MM/YYYY')),
('RCDGRG63A28F205Q', 'Giovanni', 'Riccardi', 'Via Monte Napoleone', 297, 'Milano', to_date('28/01/1963', 'DD/MM/YYYY')),
('RCDGRG64E12F205G', 'Sara', 'Riccardi', 'Via Monte Napoleone', 66, 'Milano', to_date('12/05/1964', 'DD/MM/YYYY')),
('RCDGRG65A20F205L', 'Paolo', 'Riccardi', 'Via Monte Napoleone', 182, 'Milano', to_date('20/01/1965', 'DD/MM/YYYY')),
('RCDGRG66A02F205W', 'Elena', 'Riccardi', 'Via Monte Napoleone', 457, 'Milano', to_date('02/01/1966', 'DD/MM/YYYY')),
('RCDGRG66A24F205B', 'Elena', 'Riccardi', 'Via Monte Napoleone', 600, 'Milano', to_date('24/01/1966', 'DD/MM/YYYY')),
('RCDGRG66A30F205Y', 'Elena', 'Riccardi', 'Via Monte Napoleone', 507, 'Milano', to_date('30/01/1966', 'DD/MM/YYYY')),
('RCDGRG68M01F205D', 'Stefano', 'Riccardi', 'Via Monte Napoleone', 1, 'Milano', to_date('01/08/1968', 'DD/MM/YYYY')),
('RCDGRG69A10F205B', 'Elena', 'Riccardi', 'Via Monte Napoleone', 576, 'Milano', to_date('10/01/1969', 'DD/MM/YYYY')),
('RCDGRG69A13F205Z', 'Elena', 'Riccardi', 'Via Monte Napoleone', 529, 'Milano', to_date('13/01/1969', 'DD/MM/YYYY')),
('RCDGRG69A14F205P', 'Elena', 'Riccardi', 'Via Monte Napoleone', 274, 'Milano', to_date('14/01/1969', 'DD/MM/YYYY')),
('RCDGRG69A16F205X', 'Elena', 'Riccardi', 'Via Monte Napoleone', 486, 'Milano', to_date('16/01/1969', 'DD/MM/YYYY')),
('RCDGRG71E04F205B', 'Paolo', 'Riccardi', 'Via Montenapoleone', 22, 'Milano', to_date('04/05/1971', 'DD/MM/YYYY')),
('RCDGRG77E29F205F', 'Andrea', 'Riccardi', 'Via Monte Napoleone', 33, 'Milano', to_date('29/05/1977', 'DD/MM/YYYY')),
('RCDGRG83A18F205C', 'Alessandra', 'Riccardi', 'Via della Spiga', 30, 'Milano', to_date('18/01/1983', 'DD/MM/YYYY')),
('RCDGRG90A08F205T', 'Marco', 'Riccardi', 'Via Monte Napoleone', 366, 'Milano', to_date('08/01/1990', 'DD/MM/YYYY')),
('RCDGRG91A23F205J', 'Elena', 'Riccardi', 'Via Monte Napoleone', 136, 'Milano', to_date('23/01/1991', 'DD/MM/YYYY')),
('RCDGRG93A06F205K', 'Chiara', 'Riccardi', 'Via Monte Napoleone', 159, 'Milano', to_date('06/01/1993', 'DD/MM/YYYY')),
('RCDGRG93A22F205T', 'Elena', 'Riccardi', 'Via Monte Napoleone', 390, 'Milano', to_date('22/01/1993', 'DD/MM/YYYY')),
('RCDGRG93C21F205A', 'Giorgio', 'Riccardi', 'Via Monte Napoleone', 5, 'Milano', to_date('21/03/1993', 'DD/MM/YYYY')),
('RCDGRG96A03F205M', 'Elena', 'Riccardi', 'Via Monte Napoleone', 205, 'Milano', to_date('03/01/1996', 'DD/MM/YYYY')),
('RCDGRG96A09F205I', 'Marco', 'Riccardi', 'Via Monte Napoleone', 113, 'Milano', to_date('09/01/1996', 'DD/MM/YYYY')),
('RCDGRG96A11F205R', 'Paolo', 'Riccardi', 'Via Monte Napoleone', 320, 'Milano', to_date('11/01/1996', 'DD/MM/YYYY')),
('RCDGRG98A15F205E', 'Luca', 'Riccardi', 'Via della Spiga', 12, 'Milano', to_date('15/01/1998', 'DD/MM/YYYY')),
('RCDGRG99A01F205G', 'Elena', 'Riccardi', 'Via Monte Napoleone', 708, 'Milano', to_date('01/01/1999', 'DD/MM/YYYY')),
('RCDGRG99A19F205V', 'Elena', 'Riccardi', 'Via Monte Napoleone', 434, 'Milano', to_date('19/01/1999', 'DD/MM/YYYY')),
('RCDGRG99A31F205O', 'Fabrizio', 'Riccardi', 'Via Monte Napoleone', 251, 'Milano', to_date('31/01/1999', 'DD/MM/YYYY')),
('RSSGNN83T09H501X', 'Gianna', 'Rossi', 'Largo Argentina', 1, 'Roma', to_date('09/12/1983', 'DD/MM/YYYY')),
('RZZLNE71A05H501C', 'Elena', 'Rizzi', 'Corso Garibaldi', 28, 'Roma', to_date('05/01/1971', 'DD/MM/YYYY')),
('SBNLNE60M20G273E', 'Paolo', 'Sabini', 'Via Maggio', 727, 'Firenze', to_date('20/08/1960', 'DD/MM/YYYY')),
('SBNLNE60M23G273D', 'Paolo', 'Sabini', 'Via Maggio', 680, 'Firenze', to_date('23/08/1960', 'DD/MM/YYYY')),
('SBNLNE60M27G273T', 'Fabrizio', 'Sabini', 'Via Maggio', 374, 'Firenze', to_date('27/08/1960', 'DD/MM/YYYY')),
('SBNLNE61M08G273N', 'Martina', 'Sabini', 'Via Maggio', 190, 'Firenze', to_date('08/08/1961', 'DD/MM/YYYY')),
('SBNLNE63M09G273C', 'Paolo', 'Sabini', 'Via Maggio', 660, 'Firenze', to_date('09/08/1963', 'DD/MM/YYYY')),
('SBNLNE63M21G273U', 'Paolo', 'Sabini', 'Via Maggio', 465, 'Firenze', to_date('21/08/1963', 'DD/MM/YYYY')),
('SBNLNE63M29G273Z', 'Paolo', 'Sabini', 'Via Maggio', 592, 'Firenze', to_date('29/08/1963', 'DD/MM/YYYY')),
('SBNLNE64M06G273D', 'Riccardo', 'Sabini', 'Via dei Fossi', 18, 'Firenze', to_date('06/08/1964', 'DD/MM/YYYY')),
('SBNLNE65M19G273Q', 'Elena', 'Sabini', 'Via Maggio', 259, 'Firenze', to_date('19/08/1965', 'DD/MM/YYYY')),
('SBNLNE66M04G273W', 'Paolo', 'Sabini', 'Via Maggio', 488, 'Firenze', to_date('04/08/1966', 'DD/MM/YYYY')),
('SBNLNE66M26G273B', 'Paolo', 'Sabini', 'Via Maggio', 637, 'Firenze', to_date('26/08/1966', 'DD/MM/YYYY')),
('SBNLNE67M31G273H', 'Giovanni', 'Sabini', 'Via Maggio', 74, 'Firenze', to_date('31/08/1967', 'DD/MM/YYYY')),
('SBNLNE68M22G273O', 'Giovanni', 'Sabini', 'Via Maggio', 213, 'Firenze', to_date('22/08/1968', 'DD/MM/YYYY')),
('SBNLNE69M15G273Z', 'Paolo', 'Sabini', 'Via Maggio', 561, 'Firenze', to_date('15/08/1969', 'DD/MM/YYYY')),
('SBNLNE69M16G273S', 'Paolo', 'Sabini', 'Via Maggio', 305, 'Firenze', to_date('16/08/1969', 'DD/MM/YYYY')),
('SBNLNE69M18G273X', 'Paolo', 'Sabini', 'Via Maggio', 519, 'Firenze', to_date('18/08/1969', 'DD/MM/YYYY')),
('SBNLNE73S03G273F', 'Paolo', 'Sabini', 'Via Tornabuoni', 22, 'Firenze', to_date('03/11/1973', 'DD/MM/YYYY')),
('SBNLNE75S23G273C', 'Elisa', 'Sabini', 'Via Tornabuoni', 3, 'Firenze', to_date('23/11/1975', 'DD/MM/YYYY')),
('SBNLNE78M14G273I', 'Alessia', 'Sabini', 'Via Maggio', 97, 'Firenze', to_date('14/08/1978', 'DD/MM/YYYY')),
('SBNLNE82M17G273G', 'Giuseppe', 'Sabini', 'Via Maggio', 51, 'Firenze', to_date('17/08/1982', 'DD/MM/YYYY')),
('SBNLNE85M11G273M', 'Giovanni', 'Sabini', 'Via Maggio', 143, 'Firenze', to_date('11/08/1985', 'DD/MM/YYYY')),
('SBNLNE90M06G273E', 'Paolo', 'Sabini', 'Via Maggio', 704, 'Firenze', to_date('06/08/1990', 'DD/MM/YYYY')),
('SBNLNE90M13G273U', 'Alessia', 'Sabini', 'Via Maggio', 351, 'Firenze', to_date('13/08/1990', 'DD/MM/YYYY')),
('SBNLNE91M05G273P', 'Paolo', 'Sabini', 'Via Maggio', 236, 'Firenze', to_date('05/08/1991', 'DD/MM/YYYY')),
('SBNLNE92S28G273L', 'Fabrizio', 'Sabini', 'Via Maggio', 120, 'Firenze', to_date('28/11/1992', 'DD/MM/YYYY')),
('SBNLNE93M10G273V', 'Giovanni', 'Sabini', 'Via Maggio', 397, 'Firenze', to_date('10/08/1993', 'DD/MM/YYYY')),
('SBNLNE93M30G273T', 'Sara', 'Sabini', 'Via Magg.io', 328, 'Firenze', to_date('30/08/1993', 'DD/MM/YYYY')),
('SBNLNE95P20G273E', 'Martina', 'Sabini', 'Via Maggio', 28, 'Firenze', to_date('20/09/1995', 'DD/MM/YYYY')),
('SBNLNE96M01G273Y', 'Paolo', 'Sabini', 'Via Maggio', 540, 'Firenze', to_date('01/08/1996', 'DD/MM/YYYY')),
('SBNLNE96M02G273R', 'Giovanni', 'Sabini', 'Via Maggio', 282, 'Firenze', to_date('02/08/1996', 'DD/MM/YYYY')),
('SBNLNE96M24G273W', 'Paolo', 'Sabini', 'Via Maggio', 420, 'Firenze', to_date('24/08/1996', 'DD/MM/YYYY')),
('SBNLNE98M25G273N', 'Laura', 'Sabini', 'Via Maggio', 166, 'Firenze', to_date('25/08/1998', 'DD/MM/YYYY')),
('SBNLNE99M03G273A', 'Paolo', 'Sabini', 'Via Maggio', 751, 'Firenze', to_date('03/08/1999', 'DD/MM/YYYY')),
('SBNLNE99M07G273X', 'Paolo', 'Sabini', 'Via Maggio', 442, 'Firenze', to_date('07/08/1999', 'DD/MM/YYYY')),
('SBNLNE99M12G273A', 'Paolo', 'Sabini', 'Via Maggio', 614, 'Firenze', to_date('12/08/1999', 'DD/MM/YYYY')),
('SNTMRA60S01G224S', 'Alessia', 'Santi', 'Via Euganea', 328, 'Padova', to_date('01/11/1960', 'DD/MM/YYYY')),
('SNTMRA60S11G224E', 'Marco', 'Santi', 'Via Euganea', 641, 'Padova', to_date('11/11/1960', 'DD/MM/YYYY')),
('SNTMRA60S14G224C', 'Marco', 'Santi', 'Via Euganea', 596, 'Padova', to_date('14/11/1960', 'DD/MM/YYYY')),
('SNTMRA60S15G224T', 'Martina', 'Santi', 'Via Euganea', 351, 'Padova', to_date('15/11/1960', 'DD/MM/YYYY')),
('SNTMRA60S16G224F', 'Martina', 'Santi', 'Via Euganea', 98, 'Padova', to_date('16/11/1960', 'DD/MM/YYYY')),
('SNTMRA60S28G224D', 'Marco', 'Santi', 'Via Euganea', 618, 'Padova', to_date('28/11/1960', 'DD/MM/YYYY')),
('SNTMRA62S19G224D', 'Luca', 'Santi', 'Via Euganea', 52, 'Padova', to_date('19/11/1962', 'DD/MM/YYYY')),
('SNTMRA63S03G224A', 'Marco', 'Santi', 'Via Euganea', 534, 'Padova', to_date('03/11/1963', 'DD/MM/YYYY')),
('SNTMRA63S12G224U', 'Marco', 'Santi', 'Via Euganea', 397, 'Padova', to_date('12/11/1963', 'DD/MM/YYYY')),
('SNTMRA63S20G224Z', 'Marco', 'Santi', 'Via Euganea', 511, 'Padova', to_date('20/11/1963', 'DD/MM/YYYY')),
('SNTMRA63S24G224M', 'Andrea', 'Santi', 'Via Euganea', 213, 'Padova', to_date('24/11/1963', 'DD/MM/YYYY')),
('SNTMRA63S31G224B', 'Marco', 'Santi', 'Via Euganea', 579, 'Padova', to_date('30/11/1963', 'DD/MM/YYYY')),
('SNTMRA65M25G224Z', 'Giovanni', 'Santi', 'Via Euganea', 7, 'Padova', to_date('25/08/1965', 'DD/MM/YYYY')),
('SNTMRA66S06G224Y', 'Marco', 'Santi', 'Via Euganea', 489, 'Padova', to_date('06/11/1966', 'DD/MM/YYYY')),
('SNTMRA66S10G224L', 'Marco', 'Santi', 'Via Euganea', 190, 'Padova', to_date('10/11/1966', 'DD/MM/YYYY')),
('SNTMRA66S17G224B', 'Marco', 'Santi', 'Via Euganea', 555, 'Padova', to_date('17/11/1966', 'DD/MM/YYYY')),
('SNTMRA66S26G224V', 'Marco', 'Santi', 'Via Euganea', 420, 'Padova', to_date('26/11/1966', 'DD/MM/YYYY')),
('SNTMRA69P08G224A', 'Laura', 'Santi', 'Via Petrarca', 33, 'Padova', to_date('08/09/1969', 'DD/MM/YYYY')),
('SNTMRA69S09G224W', 'Marco', 'Santi', 'Via Euganea', 443, 'Padova', to_date('09/11/1969', 'DD/MM/YYYY')),
('SNTMRA69S23G224X', 'Marco', 'Santi', 'Via Euganea', 466, 'Padova', to_date('23/11/1969', 'DD/MM/YYYY')),
('SNTMRA71S30G224G', 'Martina', 'Santi', 'Via Euganea', 121, 'Padova', to_date('30/11/1971', 'DD/MM/YYYY')),
('SNTMRA73S14G224F', 'Sara', 'Santi', 'Via Dante Alighieri', 22, 'Padova', to_date('14/11/1973', 'DD/MM/YYYY')),
('SNTMRA76R22G224B', 'Chiara', 'Santi', 'Via Euganea', 29, 'Padova', to_date('22/10/1976', 'DD/MM/YYYY')),
('SNTMRA79A11G224Y', 'Marco', 'Santi', 'Via Petrarca', 10, 'Padova', to_date('11/01/1979', 'DD/MM/YYYY')),
('SNTMRA81S05G224C', 'Riccardo', 'Santi', 'Via Savonarola', 41, 'Padova', to_date('05/11/1987', 'DD/MM/YYYY')),
('SNTMRA84S02G224E', 'Alessia', 'Santi', 'Via Euganea', 75, 'Padova', to_date('02/11/1984', 'DD/MM/YYYY')),
('SNTMRA87S13G224H', 'Riccardo', 'Santi', 'Via Euganea', 144, 'Padova', to_date('13/11/1987', 'DD/MM/YYYY')),
('SNTMRA90S04G224Q', 'Marco', 'Santi', 'Via Euganea', 282, 'Padova', to_date('04/11/1990', 'DD/MM/YYYY')),
('SNTMRA90S18G224R', 'Luca', 'Santi', 'Via Euganea', 305, 'Padova', to_date('18/11/1990', 'DD/MM/YYYY')),
('SNTMRA91S27G224I', 'Anna', 'Santi', 'Via Euganea', 167, 'Padova', to_date('27/11/1991', 'DD/MM/YYYY')),
('SNTMRA93S21G224P', 'Marco', 'Santi', 'Via Euganea', 259, 'Padova', to_date('21/11/1993', 'DD/MM/YYYY')),
('SNTMRA93S29G224T', 'Marco', 'Santi', 'Via Euganea', 374, 'Padova', to_date('29/11/1993', 'DD/MM/YYYY')),
('SNTMRA94P28G224X', 'Stefano', 'Santi', 'Via Savonarola', 18, 'Padova', to_date('28/09/1994', 'DD/MM/YYYY')),
('SNTMRA96S07G224N', 'Anna', 'Santi', 'Via Euganea', 236, 'Padova', to_date('07/11/1996', 'DD/MM/YYYY')),
('SNTMRA99S08G224B', 'Marco', 'Santi', 'Via Euganea', 687, 'Padova', to_date('08/11/1999', 'DD/MM/YYYY')),
('SNTMRA99S25G224A', 'Marco', 'Santi', 'Via Euganea', 664, 'Padova', to_date('25/11/1999', 'DD/MM/YYYY')),
('TLLGNN60D03H501H', 'Giovanni', 'Tulli', 'Via del Quirinale', 169, 'Roma', to_date('03/04/1960', 'DD/MM/YYYY')),
('TLLGNN60D05H501N', 'Francesca', 'Tulli', 'Via del Quirinale', 376, 'Roma', to_date('05/04/1960', 'DD/MM/YYYY')),
('TLLGNN60S19H501P', 'Alessia', 'Tulli', 'Via del Quirinale', 399, 'Roma', to_date('19/11/1960', 'DD/MM/YYYY')),
('TLLGNN63D02H501P', 'Martina', 'Tulli', 'Via del Quirinale', 422, 'Roma', to_date('02/04/1963', 'DD/MM/YYYY')),
('TLLGNN63D06H501G', 'Francesca', 'Tulli', 'Via del Quirinale', 123, 'Roma', to_date('06/04/1963', 'DD/MM/YYYY')),
('TLLGNN63D08H501M', 'Laura', 'Tulli', 'Via del Quirinale', 330, 'Roma', to_date('08/04/1963', 'DD/MM/YYYY')),
('TLLGNN63S12H501T', 'Alessia', 'Tulli', 'Via del Quirinale', 758, 'Roma', to_date('12/11/1963', 'DD/MM/YYYY')),
('TLLGNN66D28H501L', 'Alessia', 'Tulli', 'Via del Quirinale', 261, 'Roma', to_date('28/04/1966', 'DD/MM/YYYY')),
('TLLGNN66S29H501C', 'Silvia', 'Tulli', 'Via del Quirinale', 28, 'Roma', to_date('29/11/1966', 'DD/MM/YYYY')),
('TLLGNN69D31H501I', 'Fabrizio', 'Tulli', 'Via del Quirinale', 215, 'Roma', to_date('30/04/1969', 'DD/MM/YYYY')),
('TLLGNN70D18H501Z', 'Gianni', 'Tulli', 'Via Cavour', 8, 'Roma', to_date('18/04/1970', 'DD/MM/YYYY')),
('TLLGNN76D12H501D', 'Alessandra', 'Tulli', 'Via Barberini', 88, 'Roma', to_date('12/04/1976', 'DD/MM/YYYY')),
('TLLGNN79S26H501D', 'Laura', 'Tulli', 'Via del Quirinale', 51, 'Roma', to_date('26/11/1979', 'DD/MM/YYYY')),
('TLLGNN84A15H501B', 'Fabrizio', 'Tulli', 'Via Barberini', 36, 'Roma', to_date('15/01/1984', 'DD/MM/YYYY')),
('TLLGNN87D09H501E', 'Marco', 'Tulli', 'Via del Quirinale', 77, 'Roma', to_date('09/04/1987', 'DD/MM/YYYY')),
('TLLGNN90S01H501W', 'Alessia', 'Tulli', 'Via del Quirinale', 689, 'Roma', to_date('01/11/1990', 'DD/MM/YYYY')),
('TLLGNN90S15H501X', 'Alessia', 'Tulli', 'Via del Quirinale', 711, 'Roma', to_date('15/11/1990', 'DD/MM/YYYY')),
('TLLGNN90S22H501O', 'Laura', 'Tulli', 'Via del Quirinale', 353, 'Roma', to_date('22/11/1990', 'DD/MM/YYYY')),
('TLLGNN90S23H501F', 'Laura', 'Tulli', 'Via del Quirinale', 100, 'Roma', to_date('23/11/1990', 'DD/MM/YYYY')),
('TLLGNN93S11H501M', 'Paolo', 'Tulli', 'Via del Quirinale', 284, 'Roma', to_date('11/11/1993', 'DD/MM/YYYY')),
('TLLGNN93S13H501S', 'Alessia', 'Tulli', 'Via del Quirinale', 491, 'Roma', to_date('13/11/1993', 'DD/MM/YYYY')),
('TLLGNN93S17H501H', 'Francesca', 'Tulli', 'Via del Quirinale', 192, 'Roma', to_date('17/11/1993', 'DD/MM/YYYY')),
('TLLGNN93S18H501T', 'Alessia', 'Tulli', 'Via del Quirinale', 647, 'Roma', to_date('18/11/1993', 'DD/MM/YYYY')),
('TLLGNN96S04H501U', 'Alessia', 'Tulli', 'Via del Quirinale', 626, 'Roma', to_date('04/11/1996', 'DD/MM/YYYY')),
('TLLGNN96S10H501S', 'Martina', 'Tulli', 'Via del Quirinale', 537, 'Roma', to_date('10/11/1996', 'DD/MM/YYYY')),
('TLLGNN96S20H501G', 'Alessia', 'Tulli', 'Via del Quirinale', 146, 'Roma', to_date('20/11/1996', 'DD/MM/YYYY')),
('TLLGNN96S25H501N', 'Martina', 'Tulli', 'Via del Quirinale', 307, 'Roma', to_date('25/11/1996', 'DD/MM/YYYY')),
('TLLGNN96S27H501T', 'Alessia', 'Tulli', 'Via del Quirinale', 514, 'Roma', to_date('27/11/1996', 'DD/MM/YYYY')),
('TLLGNN96S30H501R', 'Martina', 'Tulli', 'Via del Quirinale', 468, 'Roma', to_date('30/11/1996', 'DD/MM/YYYY')),
('TLLGNN99C01H501A', 'Alessia', 'Tulli', 'Via Sistina', 121, 'Roma', to_date('01/03/1999', 'DD/MM/YYYY')),
('TLLGNN99S07H501T', 'Alessia', 'Tulli', 'Via del Quirinale', 583, 'Roma', to_date('07/11/1999', 'DD/MM/YYYY')),
('TLLGNN99S14H501I', 'Martina', 'Tulli', 'Via del Quirinale', 238, 'Roma', to_date('14/11/1999', 'DD/MM/YYYY')),
('TLLGNN99S16H501Q', 'Alessia', 'Tulli', 'Via del Quirinale', 445, 'Roma', to_date('16/11/1999', 'DD/MM/YYYY')),
('TLLGNN99S21H501U', 'Alessia', 'Tulli', 'Via del Quirinale', 605, 'Roma', to_date('21/11/1999', 'DD/MM/YYYY')),
('TLLGNN99S24H501S', 'Alessia', 'Tulli', 'Via del Quirinale', 560, 'Roma', to_date('24/11/1999', 'DD/MM/YYYY')),
('TLLGNN99S29H501W', 'Alessia', 'Tulli', 'Via del Quirinale', 734, 'Roma', to_date('29/11/1999', 'DD/MM/YYYY')),
('VRDMRA62S07L219D', 'Mara', 'Verdi', 'Piazza della Vittoria', 3, 'Milano', to_date('07/11/1962', 'DD/MM/YYYY')),
('VRSPLA60M02L736E', 'Martina', 'Varsi', 'Via Cavour', 590, 'Lecco', to_date('02/08/1960', 'DD/MM/YYYY')),
('VRSPLA60M16L736L', 'Martina', 'Varsi', 'Via Cavour', 612, 'Lecco', to_date('16/08/1960', 'DD/MM/YYYY')),
('VRSPLA60M19L736D', 'Martina', 'Varsi', 'Via Cavour', 568, 'Lecco', to_date('19/08/1960', 'DD/MM/YYYY')),
('VRSPLA60M23L736A', 'Marco', 'Varsi', 'Via Cavour', 274, 'Lecco', to_date('23/08/1960', 'DD/MM/YYYY')),
('VRSPLA62M18L736U', 'Andrea', 'Varsi', 'Via Cavour', 160, 'Lecco', to_date('18/08/1962', 'DD/MM/YYYY')),
('VRSPLA62M26L736Z', 'Silvio', 'Varsi', 'Via Cavour', 228, 'Lecco', to_date('26/08/1962', 'DD/MM/YYYY')),
('VRSPLA63M03L736B', 'Silvio', 'Varsi', 'Via Cavour', 343, 'Lecco', to_date('03/08/1963', 'DD/MM/YYYY')),
('VRSPLA63M05L736K', 'Martina', 'Varsi', 'Via Cavour', 547, 'Lecco', to_date('05/08/1963', 'DD/MM/YYYY')),
('VRSPLA63M25L736H', 'Martina', 'Varsi', 'Via Cavour', 481, 'Lecco', to_date('25/08/1963', 'DD/MM/YYYY')),
('VRSPLA65M15L736X', 'Alessia', 'Varsi', 'Via Cavour', 159, 'Lecco', to_date('15/08/1965', 'DD/MM/YYYY')),
('VRSPLA66M11L736F', 'Silvio', 'Varsi', 'Via Cavour', 458, 'Lecco', to_date('11/08/1966', 'DD/MM/YYYY')),
('VRSPLA66M17L736C', 'Martina', 'Varsi', 'Via Cavour', 366, 'Lecco', to_date('17/08/1966', 'DD/MM/YYYY')),
('VRSPLA66M22L736I', 'Martina', 'Varsi', 'Via Cavour', 526, 'Lecco', to_date('22/08/1966', 'DD/MM/YYYY')),
('VRSPLA67M02L736H', 'Matteo', 'Varsi', 'Via Volta', 6, 'Lecco', to_date('02/08/1967', 'DD/MM/YYYY')),
('VRSPLA68M12L736Y', 'Martina', 'Varsi', 'Via Cavour', 205, 'Lecco', to_date('12/08/1968', 'DD/MM/YYYY')),
('VRSPLA69M08L736I', 'Martina', 'Varsi', 'Via Cavour', 504, 'Lecco', to_date('08/08/1969', 'DD/MM/YYYY')),
('VRSPLA69M13L736M', 'Paolo', 'Varsi', 'Via Manzoni', 44, 'Lecco', to_date('13/08/1969', 'DD/MM/YYYY')),
('VRSPLA69M28L736G', 'Martina', 'Varsi', 'Via Cavour', 435, 'Lecco', to_date('28/08/1969', 'DD/MM/YYYY')),
('VRSPLA69M31L736D', 'Silvio', 'Varsi', 'Via Cavour', 389, 'Lecco', to_date('31/08/1969', 'DD/MM/YYYY')),
('VRSPLA70M10L736N', 'Elena', 'Varsi', 'Via Cavour', 45, 'Lecco', to_date('10/08/1970', 'DD/MM/YYYY')),
('VRSPLA73D24L736Q', 'Marco', 'Varsi', 'Via Cavour', 68, 'Lecco', to_date('24/04/1973', 'DD/MM/YYYY')),
('VRSPLA79D21L736S', 'Silvio', 'Varsi', 'Via Cavour', 114, 'Lecco', to_date('21/04/1979', 'DD/MM/YYYY')),
('VRSPLA82M04L736T', 'Sara', 'Varsi', 'Via Cavour', 137, 'Lecco', to_date('04/08/1982', 'DD/MM/YYYY')),
('VRSPLA83D30L736L', 'Lorenzo', 'Varsi', 'Via Cavour', 1, 'Lecco', to_date('30/04/1983', 'DD/MM/YYYY')),
('VRSPLA85E19L736W', 'Paola', 'Varsi', 'Via Garibaldi', 77, 'Lecco', to_date('19/05/1985', 'DD/MM/YYYY')),
('VRSPLA88M07L736R', 'Andrea', 'Varsi', 'Via Cavour', 91, 'Lecco', to_date('07/08/1988', 'DD/MM/YYYY')),
('VRSPLA90M09L736Z', 'Marco', 'Varsi', 'Via Cavour', 251, 'Lecco', to_date('09/08/1990', 'DD/MM/YYYY')),
('VRSPLA91M16L736I', 'Francesca', 'Varsi', 'Via Manzoni', 18, 'Lecco', to_date('16/08/1991', 'DD/MM/YYYY')),
('VRSPLA93M29L736W', 'Paolo', 'Varsi', 'Via Cavour', 182, 'Lecco', to_date('29/08/1993', 'DD/MM/YYYY')),
('VRSPLA96D27L736O', 'Marco', 'Varsi', 'Via Cavour', 22, 'Lecco', to_date('27/04/1996', 'DD/MM/YYYY')),
('VRSPLA96M06L736A', 'Andrea', 'Varsi', 'Via Cavour', 297, 'Lecco', to_date('06/08/1996', 'DD/MM/YYYY')),
('VRSPLA96M14L736E', 'Martina', 'Varsi', 'Via Cavour', 412, 'Lecco', to_date('14/08/1996', 'DD/MM/YYYY')),
('VRSPLA99M01L736V', 'Martina', 'Varsi', 'Via Cavour', 183, 'Lecco', to_date('01/08/1999', 'DD/MM/YYYY')),
('VRSPLA99M13L736G', 'Martina', 'Varsi', 'Via Cavour', 655, 'Lecco', to_date('13/08/1999', 'DD/MM/YYYY')),
('VRSPLA99M20L736B', 'Silvio', 'Varsi', 'Via Cavour', 320, 'Lecco', to_date('20/08/1999', 'DD/MM/YYYY')),
('VRSPLA99M30L736F', 'Martina', 'Varsi', 'Via Cavour', 633, 'Lecco', to_date('30/08/1999', 'DD/MM/YYYY'));


INSERT INTO "Patologie" ("IDPatologia", "NomePatologia", "Tipologia") VALUES
(1, 'Diabete mellito tipo 2 scompensato cronico con complicanze macrovascolari e microvascolari avanzate', 'Cronica'),
(2, 'Broncopneumopatia cronica ostruttiva (BPCO) stadio GOLD 4 con insufficienza respiratoria cronica', 'Cronica'),
(3, 'Insufficienza cardiaca cronica stadio D (NYHA IV) refrattaria alla terapia', 'Cronica'),
(4, 'Insufficienza renale cronica terminale (stadio 5) in dialisi', 'Cronica'),
(5, 'Epatite cronica attiva con cirrosi epatica scompensata', 'Cronica'),
(6, 'Artrite reumatoide erosiva severa con deformit articolari multiple', 'Cronica'),
(7, 'Sclerosi multipla progressiva secondaria con grave disabilit motoria e cognitiva', 'Cronica'),
(8, 'Morbo di Parkinson in fase avanzata con grave rigidit bradicinesia e instabilit posturale', 'Cronica'),
(9, 'Morbo di Alzheimer in fase severa con completa dipendenza funzionale', 'Cronica'),
(10, 'Fibrosi cistica con grave compromissione polmonare e insufficienza pancreatica', 'Cronica'),
(11, 'Lupus eritematoso sistemico con coinvolgimento multiorgano attivo cronico', 'Cronica'),
(12, 'Sclerodermia sistemica con fibrosi polmonare e coinvolgimento cardiaco', 'Cronica'),
(13, 'Spondilite anchilosante in fase avanzata con anchilosi spinale completa', 'Cronica'),
(14, 'Retinite pigmentosa avanzata con cecit', 'Cronica'),
(15, 'Neuropatia diabetica periferica severa con dolore cronico intrattabile', 'Cronica'),
(16, 'Ipertensione arteriosa polmonare cronica severa', 'Cronica'),
(17, 'Colite ulcerosa cronica refrattaria alla terapia medica', 'Cronica'),
(18, 'Morbo di Crohn cronico con stenosi intestinali multiple e malassorbimento', 'Cronica'),
(19, 'Glaucoma cronico ad angolo chiuso con perdita completa della vista', 'Cronica'),
(20, 'Osteoartrite severa poliarticolare con limitazione funzionale grave', 'Cronica'),
(21, 'Asma bronchiale cronico grave non controllato', 'Cronica'),
(22, 'Ipertensione arteriosa essenziale stadio 3 resistente alla terapia', 'Cronica'),
(23, 'Dislipidemia severa cronica con aterosclerosi avanzata', 'Cronica'),
(24, 'Gotta cronica tofacea con artrite gottosa ricorrente', 'Cronica'),
(25, 'Celiachia refrattaria con malassorbimento cronico', 'Cronica'),
(26, 'Tiroidite di Hashimoto cronica con ipotiroidismo severo', 'Cronica'),
(27, 'Ipertiroidismo cronico non controllato con complicanze cardiache', 'Cronica'),
(28, 'Anemia cronica severa (es. talassemia major o anemia falciforme)', 'Cronica'),
(29, 'Trombocitopenia immune cronica refrattaria', 'Cronica'),
(30, 'Vasculite sistemica cronica con coinvolgimento d''organo', 'Cronica'),
(31, 'Sarcoidosi cronica in stadio avanzato con fibrosi polmonare', 'Cronica'),
(32, 'Amiloidosi sistemica cronica con coinvolgimento cardiaco e renale', 'Cronica'),
(33, 'Iperparatiroidismo cronico con ipercalcemia severa e danno renale', 'Cronica'),
(34, 'Malattia di Addison cronica con crisi surrenaliche ricorrenti', 'Cronica'),
(35, 'Sindrome di Cushing cronica non controllata', 'Cronica'),
(36, 'Acromegalia cronica con complicanze cardiovascolari e metaboliche', 'Cronica'),
(37, 'Diabete insipido cronico centrale o nefrogenico non controllato', 'Cronica'),
(38, 'Ipopituitarismo cronico severo con deficit ormonali multipli', 'Cronica'),
(39, 'Sindrome dell''ovaio policistico (PCOS) cronica con complicanze metaboliche e infertilit', 'Cronica'),
(40, 'Endometriosi severa cronica con dolore pelvico cronico intrattabile', 'Cronica'),
(41, 'Fibromialgia cronica con dolore diffuso e astenia severa', 'Cronica'),
(42, 'Sindrome da stanchezza cronica (CFS/ME) severa con invalidit funzionale', 'Cronica'),
(43, 'Emicrania cronica con cefalea quotidiana intrattabile', 'Cronica'),
(44, 'Nevralgia del trigemino cronica severa refrattaria alla terapia', 'Cronica'),
(45, 'Sindrome del tunnel carpale bilaterale cronica severa', 'Cronica'),
(46, 'Sindrome del colon irritabile (IBS) cronica severa con dolore addominale e alterazioni dell''alvo invalidanti', 'Cronica'),
(47, 'Diverticolite cronica ricorrente con complicanze', 'Cronica'),
(48, 'Reflusso gastroesofageo cronico (GERD) severo con esofagite erosiva e complicanze', 'Cronica'),
(49, 'Ulcera peptica cronica refrattaria con complicanze emorragiche o perforative ricorrenti', 'Cronica'),
(50, 'Pancreatite cronica con dolore addominale cronico e insufficienza pancreatica esocrina ed endocrina', 'Cronica'),
(51, 'Colecistite cronica con coliche biliari ricorrenti e complicanze', 'Cronica'),
(52, 'Epatite autoimmune cronica non controllata', 'Cronica'),
(53, 'Colangite biliare primitiva (CBP) in fase avanzata con cirrosi biliare', 'Cronica'),
(54, 'Sclerosi laterale primitiva (SLP) con progressiva disabilit motoria', 'Cronica'),
(55, 'Atassia di Friedreich con progressiva incoordinazione motoria e disabilit', 'Cronica'),
(56, 'Corea di Huntington con progressivi disturbi motori cognitivi e psichiatrici', 'Cronica'),
(57, 'Distonia generalizzata cronica severa con contrazioni muscolari invalidanti', 'Cronica'),
(58, 'Epilessia focale o generalizzata cronica refrattaria alla terapia farmacologica', 'Cronica'),
(59, 'Idrocefalo cronico normoteso con demenza e disturbi della deambulazione e incontinenza urinaria', 'Cronica'),
(60, 'Siringomielia cronica progressiva con deficit neurologici', 'Cronica'),
(61, 'Miopatie infiammatorie croniche (es. polimiosite o dermatomiosite) con progressiva debolezza muscolare', 'Cronica'),
(62, 'Polineuropatia cronica demielinizzante infiammatoria (CIDP) con progressiva debolezza e disturbi sensitivi', 'Cronica'),
(63, 'Sindrome delle gambe senza riposo (RLS) cronica severa con insonnia invalidante', 'Cronica'),
(64, 'Narcolessia cronica con cataplessia e sonnolenza diurna eccessiva invalidante', 'Cronica'),
(65, 'Apnea ostruttiva del sonno (OSA) cronica severa con complicanze cardiovascolari e metaboliche', 'Cronica'),
(66, 'Enfisema polmonare cronico severo con dispnea invalidante', 'Cronica'),
(67, 'Fibrosi polmonare idiopatica (IPF) con progressiva insufficienza respiratoria', 'Cronica'),
(68, 'Sarcoidosi polmonare cronica in stadio avanzato con fibrosi', 'Cronica'),
(69, 'Ipertensione polmonare tromboembolica cronica (CTEPH) con progressiva dispnea e insufficienza cardiaca destra', 'Cronica'),
(70, 'Linfangioleiomiomatosi (LAM) con progressiva distruzione del tessuto polmonare', 'Cronica'),
(71, 'Sindrome di Sjgren cronica severa con secchezza oculare e orale invalidanti e coinvolgimento sistemico', 'Cronica'),
(72, 'Mastocitosi sistemica cronica severa con sintomi sistemici invalidanti', 'Cronica'),
(73, 'Porfiria acuta intermittente cronica con attacchi ricorrenti severi', 'Cronica'),
(74, 'Malattia di Behet cronica con manifestazioni mucocutanee e oculari e sistemiche ricorrenti', 'Cronica'),
(75, 'Granulomatosi con poliangioite (GPA/Wegener) cronica con coinvolgimento renale e respiratorio', 'Cronica'),
(76, 'Poliarterite nodosa cronica con coinvolgimento multiorgano', 'Cronica'),
(77, 'Arterite a cellule giganti (arterite temporale) cronica con rischio di cecit e complicanze vascolari', 'Cronica'),
(78, 'Malattia di Kawasaki cronica con complicanze cardiache (aneurismi coronarici)', 'Cronica'),
(79, 'Sindrome di Marfan con coinvolgimento scheletrico e oculare e cardiovascolare progressivo', 'Cronica'),
(80, 'Sindrome di Ehlers-Danlos cronica con ipermobilit articolare e fragilit cutanea e complicanze vascolari', 'Cronica'),
(81, 'Emorragia cerebrale massiva', 'Mortale'),
(82, 'Infarto miocardico acuto esteso', 'Mortale'),
(83, 'Dissezione aortica tipo A', 'Mortale'),
(84, 'Shock settico', 'Mortale'),
(85, 'Arresto cardiaco refrattario', 'Mortale'),
(86, 'Embolia polmonare massiva', 'Mortale'),
(87, 'Peritonite acuta diffusa con sepsi', 'Mortale'),
(88, 'Insufficienza respiratoria acuta grave (ARDS)', 'Mortale'),
(89, 'Stato di male epilettico refrattario', 'Mortale'),
(90, 'Rabdomiolisi severa con insufficienza renale acuta', 'Mortale'),
(91, 'Meningite fulminante', 'Mortale'),
(92, 'Encefalite virale grave', 'Mortale'),
(93, 'Pancreatite acuta necrotico-emorragica', 'Mortale'),
(94, 'Sindrome di Stevens-Johnson/Necrolisi epidermica tossica estesa', 'Mortale'),
(95, 'Ustioni di terzo grado su oltre il 70% della superficie corporea', 'Mortale'),
(96, 'Trauma cranico grave con ematoma subdurale acuto', 'Mortale'),
(97, 'Lesione spinale alta con tetraplegia completa', 'Mortale'),
(98, 'Rottura di aneurisma cerebrale con emorragia subaracnoidea massiva', 'Mortale'),
(99, 'Tamponamento cardiaco acuto', 'Mortale'),
(100, 'Pneumotorace iperteso bilaterale', 'Mortale');


INSERT INTO "Ospedali" ("IDOspedale", "NomeOspedale", "Indirizzo", "NumeroCivico", "Citta", "NumeroTelefono", "CodiceSanitarioDirettore") VALUES
(2, 'Policlinico Enrico XVIII', 'Viale delle Scimmie', 156, 'Domodossola', '69876543', 'CNDLSS90P26D969G'),
(5, 'Ospedale Corretto', 'Largo Brambilla', 3, 'Firenze', '552233445', 'SNTMRA93S29G224T'),
(6, 'Ospedale San Raffaele', 'Via Olgettina', 60, 'Milano', '29876123', 'BRTGNN66E30H501M'),
(7, 'Ospedale Gemelli', 'Largo Gemelli', 8, 'Roma', '61234987', 'MSTFBA60R31L736R'),
(9, 'Azienda Ospedaliera di Verona', 'Piazzale Stefani', 1, 'Verona', '458899001', 'TLLGNN63D02H501P'),
(10, 'Ospedale Santa Maria Annunziata', 'Via dell''Antella', 58, 'Firenze', '557788990', 'VRSPLA63M03L736B'),
(11, 'Istituto Clinico Humanitas', 'Via Manzoni', 56, 'Rozzano', '22345678', 'MNTLSS99E04H501T'),
(12, 'Ospedale Santo Spirito', 'Lungotevere in Sassia', 1, 'Roma', '68765432', 'RCDGRG63A05F205U'),
(13, 'Ospedale Rizzoli', 'Via di Barbiano', 110, 'Bologna', '517788990', 'LMBRRT66S06L219H'),
(14, 'Ospedale dell''Angelo', 'Via Paccagnella', 11, 'Mestre', '419900112', 'SBNLNE99M07G273X'),
(16, 'Ospedale Niguarda Ca'' Granda', 'Piazza Ospedale Maggiore', 3, 'Milano', '23456789', 'CNDLSS63P09D969G'),
(17, 'Ospedale San Camillo-Forlanini', 'Circonvallazione Gianicolense', 87, 'Roma', '67654321', 'FRNLNA99M10L219P'),
(18, 'Ospedale Maggiore di Parma', 'Via Gramsci', 14, 'Parma', '5212233445', 'LCNGNN63A11L219I'),
(19, 'Ospedale Ca'' Foncello', 'Piazzale Ospedale', 1, 'Treviso', '4226677889', 'SNTMRA63S12G224U'),
(20, 'Ospedale Santa Chiara', 'Via Roma', 67, 'Pisa', '509900112', 'BRTGNN99E13H501N'),
(21, 'Ospedale Fatebenefratelli', 'Corso di Porta Nuova', 23, 'Milano', '24567890', 'MSTFBA63R14L736S'),
(22, 'Ospedale Bambino Ges', 'Piazza Sant''Onofrio', 4, 'Roma', '66543210', 'RCCLRT63A15E472W'),
(23, 'Ospedale Sant''Anna', 'Corso Giovecca', 203, 'Ferrara', '5321122334', 'TLLGNN99S16H501Q'),
(24, 'Ospedale di Circolo e Fondazione Macchi', 'Viale Borri', 57, 'Varese', '3328899001', 'VRSPLA66M17L736C'),
(25, 'Ospedale San Donato', 'Via Nenni', 20, 'Arezzo', '5753344556', 'MNTLSS63E18H501V'),
(26, 'Polo Universitario San Paolo', 'Via di Rudin', 8, 'Milano', '25678901', 'RCDGRG99A19F205V'),
(27, 'Ospedale Sant''Eugenio', 'Piazzale dell''Umanesimo', 10, 'Roma', '65432109', 'LMBRRT69S20L219I'),
(28, 'Ospedale Santa Maria della Misericordia', 'Piazzale Menghini', 1, 'Udine', '4329900112', 'SBNLNE63M21G273U'),
(29, 'Ospedale Papa Giovanni XXIII', 'Piazza OMS', 1, 'Bergamo', '351122334', 'MRTGLL96T22H501S'),
(30, 'Ospedale San Jacopo', 'Via Ciliegiole', 97, 'Pistoia', '5739900112', 'CNDLSS66P23D969H'),
(31, 'Ospedale Bassini', 'Via Gorki', 50, 'Cinisello Balsamo', '26789012', 'FRNLNA60M24L219Q'),
(32, 'Ospedale Pertini', 'Via dei Monti Tiburtini', 520, 'Roma', '64321098', 'LCNGNN96A25L219D'),
(33, 'Arcispedale Santa Maria Nuova', 'Viale Risorgimento', 80, 'Reggio Emilia', '5227788990', 'SNTMRA66S26G224V'),
(34, 'Ospedale Civile di Venezia', 'Campo Santi Giovanni e Paolo', 6779, 'Venezia', '412233445', 'BRTGNN69E27H501O'),
(35, 'Ospedale San Jacopo', 'Via Ciliegiole', 97, 'Pistoia', '5739900112', 'MSTFBA66R28L736T'),
(36, 'Ospedale San Carlo Borromeo', 'Via Pio II', 3, 'Milano', '27890123', 'RCCLRT66A29E472Y'),
(37, 'Ospedale Cristo Re', 'Via delle Calasanziane', 25, 'Roma', '63210987', 'TLLGNN96S30H501R'),
(38, 'Ospedale Maurizio Bufalini', 'Viale Ghirotti', 286, 'Cesena', '5476677889', 'VRSPLA69M31L736D'),
(39, 'Ospedale dell''Immacolata Concezione', 'Via Monte Grappa', 1, 'Vicenza', '4448899001', 'MNTLSS66E01H501W'),
(40, 'Ospedale Versilia', 'Via Roma', 2, 'Lido di Camaiore', '5842233445', 'RCDGRG66A02F205W'),
(41, 'Ospedale Evangelico Betania', 'Via Argine', 604, 'Napoli', '811234567', 'LMBRRT96S03L219C'),
(42, 'Ospedale Israelitico', 'Via Fulda', 14, 'Roma', '69876543', 'SBNLNE66M04G273W'),
(43, 'Ospedale San Maurizio', 'Largo Rosanna Benzi', 10, 'Genova', '101122334', 'MRTGLL93T05H501T'),
(44, 'Ospedale Santa Corona', 'Piazzale Santa Corona', 1, 'Pietra Ligure', '195566778', 'CNDLSS69P06D969I'),
(45, 'Ospedale Santo Stefano', 'Via Cavour', 87, 'Prato', '5742233445', 'FRNLNA63M07L219R'),
(46, 'Ospedale Cardarelli', 'Via Cardarelli', 9, 'Napoli', '819876123', 'LCNGNN93A08L219F'),
(47, 'Ospedale Sandro Pertini', 'Via dei Sabelli', 108, 'Roma', '61234987', 'SNTMRA69S09G224W'),
(48, 'Ospedale Policlinico San Martino', 'Viale Benedetto XV', 10, 'Genova', '104455667', 'BRTGNN93E10H501P'),
(49, 'Ospedale San Paolo di Savona', 'Via Rodolfo Farina', 6, 'Savona', '198899001', 'MSTFBA69R11L736U'),
(50, 'Ospedale Empoli', 'Viale Boccaccio', 12, 'Empoli', '5717788990', 'RCCLRT69A12E472Z'),
(51, 'Ospedale Leone XIV', 'Via Togliatti', 37, 'Modena', '4328543311', 'BRTGNN63E01H501S');


INSERT INTO "Ricoveri" ("IDRicovero", "CSSNCittadino", "IDOspedale", "DataRicovero", "DurataRicovero", "CostoRicovero", "MotivoRicovero") VALUES
(2, 'CNDLSS90P26D969G', 2, to_date('05/01/2024', 'DD/MM/YYYY'), 15, 18000, 'Esacerbazione acuta con insufficienza respiratoria.'),
(5, 'SNTMRA93S29G224T', 5, to_date('20/01/2024', 'DD/MM/YYYY'), 16, 22000, 'Scompenso epatico acuto su cirrosi.'),
(6, 'BRTGNN66E30H501M', 6, to_date('25/01/2024', 'DD/MM/YYYY'), 16, 15000, 'Esacerbazione infiammatoria acuta con dolore severo.'),
(7, 'MSTFBA60R31L736R', 7, to_date('30/01/2024', 'DD/MM/YYYY'), 16, 30000, 'Progressione rapida con grave disabilit.'),
(9, 'TLLGNN63D02H501P', 9, to_date('07/02/2024', 'DD/MM/YYYY'), 15, 32000, 'Grave declino cognitivo e perdita autonomia.'),
(10, 'VRSPLA63M03L736B', 10, to_date('12/02/2024', 'DD/MM/YYYY'), 15, 20000, 'Infezione respiratoria severa e supporto ventilatorio.'),
(11, 'MNTLSS99E04H501T', 11, to_date('17/02/2024', 'DD/MM/YYYY'), 14, 16000, 'Esacerbazione con coinvolgimento multiorgano.'),
(12, 'RCDGRG63A05F205U', 12, to_date('22/02/2024', 'DD/MM/YYYY'), 15, 24000, 'Progressione fibrosi e scompenso cardiaco.'),
(13, 'LMBRRT66S06L219H', 13, to_date('27/02/2024', 'DD/MM/YYYY'), 15, 14000, 'Dolore cronico severo e limitazione funzionale.'),
(14, 'SBNLNE99M07G273X', 14, to_date('02/03/2024', 'DD/MM/YYYY'), 15, 10000, 'Perdita acuta della vista.'),
(16, 'CNDLSS63P09D969G', 16, to_date('12/03/2024', 'DD/MM/YYYY'), 15, 26000, 'Scompenso cardiaco destro e dispnea severa.'),
(17, 'FRNLNA99M10L219P', 17, to_date('17/03/2024', 'DD/MM/YYYY'), 15, 19000, 'Esacerbazione acuta con dolore addominale severo.'),
(18, 'LCNGNN63A11L219I', 18, to_date('22/03/2024', 'DD/MM/YYYY'), 15, 21000, 'Occlusione intestinale e malassorbimento severo.'),
(19, 'SNTMRA63S12G224U', 19, to_date('27/03/2024', 'DD/MM/YYYY'), 15, 9000, 'Perdita completa della vista e gestione complicanze.'),
(20, 'BRTGNN99E13H501N', 20, to_date('01/04/2024', 'DD/MM/YYYY'), 15, 13000, 'Dolore cronico severo e limitazione della mobilit.'),
(21, 'MSTFBA63R14L736S', 21, to_date('05/04/2024', 'DD/MM/YYYY'), 5, 55000, 'Emorragia cerebrale acuta.'),
(22, 'RCCLRT63A15E472W', 22, to_date('10/04/2024', 'DD/MM/YYYY'), 30, 62000, 'Infarto miocardico acuto con shock cardiogeno.'),
(23, 'TLLGNN99S16H501Q', 23, to_date('15/04/2024', 'DD/MM/YYYY'), 30, 70000, 'Dissezione aortica in emergenza.'),
(24, 'VRSPLA66M17L736C', 24, to_date('20/04/2024', 'DD/MM/YYYY'), 12, 48000, 'Sepsi severa da infezione non controllata.'),
(25, 'MNTLSS63E18H501V', 25, to_date('25/04/2024', 'DD/MM/YYYY'), 50, 58000, 'Arresto cardiaco e rianimazione prolungata.'),
(26, 'RCDGRG99A19F205V', 26, to_date('30/04/2024', 'DD/MM/YYYY'), 25, 65000, 'Embolia polmonare massiva con instabilit emodinamica.'),
(27, 'LMBRRT69S20L219I', 27, to_date('03/05/2024', 'DD/MM/YYYY'), 2, 52000, 'Peritonite acuta con necessit di intervento chirurgico urgente.'),
(28, 'SBNLNE63M21G273U', 28, to_date('07/05/2024', 'DD/MM/YYYY'), 16, 75000, 'Insufficienza respiratoria acuta grave e supporto ventilatorio invasivo.'),
(29, 'MRTGLL96T22H501S', 29, to_date('11/05/2024', 'DD/MM/YYYY'), 8, 45000, 'Stato di male epilettico refrattario alla terapia.'),
(30, 'CNDLSS66P23D969H', 30, to_date('16/05/2024', 'DD/MM/YYYY'), 9, 40000, 'Rabdomiolisi severa con danno renale acuto.'),
(31, 'FRNLNA60M24L219Q', 31, to_date('21/05/2024', 'DD/MM/YYYY'), 3, 60000, 'Meningite batterica fulminante.'),
(32, 'LCNGNN96A25L219D', 32, to_date('26/05/2024', 'DD/MM/YYYY'), 7, 57000, 'Encefalite virale con compromissione neurologica severa.'),
(33, 'SNTMRA66S26G224V', 33, to_date('31/05/2024', 'DD/MM/YYYY'), 12, 68000, 'Pancreatite acuta necrotico-emorragica grave.'),
(34, 'BRTGNN69E27H501O', 34, to_date('04/06/2024', 'DD/MM/YYYY'), 23, 72000, 'Reazione cutanea severa con coinvolgimento sistemico.'),
(35, 'MSTFBA66R28L736T', 35, to_date('09/06/2024', 'DD/MM/YYYY'), 15, 80000, 'Ustioni estese con necessit di terapia intensiva.'),
(36, 'RCCLRT66A29E472Y', 36, to_date('14/06/2024', 'DD/MM/YYYY'), 17, 75000, 'Trauma cranico severo e monitoraggio intensivo.'),
(37, 'TLLGNN96S30H501R', 37, to_date('19/06/2024', 'DD/MM/YYYY'), 9, 60000, 'Lesione spinale acuta con perdita di funzionalit.'),
(38, 'VRSPLA69M31L736D', 38, to_date('24/06/2024', 'DD/MM/YYYY'), 5, 85000, 'Emorragia subaracnoidea massiva.'),
(39, 'MNTLSS66E01H501W', 39, to_date('29/06/2024', 'DD/MM/YYYY'), 3, 50000, 'Tamponamento cardiaco acuto e drenaggio pericardico.'),
(40, 'RCDGRG66A02F205W', 40, to_date('04/07/2024', 'DD/MM/YYYY'), 14, 45000, 'Pneumotorace bilaterale con necessit di drenaggio toracico.'),
(41, 'LMBRRT96S03L219C', 41, to_date('09/07/2024', 'DD/MM/YYYY'), 14, 38000, 'Anemia emolitica acuta con insufficienza renale.'),
(42, 'SBNLNE66M04G273W', 42, to_date('14/07/2024', 'DD/MM/YYYY'), 15, 42000, 'Trombocitopenia severa con emorragie.'),
(43, 'MRTGLL93T05H501T', 43, to_date('19/07/2024', 'DD/MM/YYYY'), 15, 50000, 'Crisi ipertiroidea acuta con scompenso cardiaco.'),
(44, 'CNDLSS69P06D969I', 44, to_date('24/07/2024', 'DD/MM/YYYY'), 15, 45000, 'Coma iperglicemico e squilibri elettrolitici severi.'),
(45, 'FRNLNA63M07L219R', 45, to_date('29/07/2024', 'DD/MM/YYYY'), 16, 60000, 'Insufficienza epatica acuta fulminante.'),
(46, 'LCNGNN93A08L219F', 46, to_date('03/08/2024', 'DD/MM/YYYY'), 15, 70000, 'Rigetto acuto dopo trapianto.'),
(47, 'SNTMRA69S09G224W', 47, to_date('08/08/2024', 'DD/MM/YYYY'), 15, 55000, 'Sepsi da neutropenia febbrile.'),
(48, 'BRTGNN93E10H501P', 48, to_date('13/08/2024', 'DD/MM/YYYY'), 15, 68000, 'Polmonite virale severa con ARDS.'),
(49, 'MSTFBA69R11L736U', 49, to_date('18/08/2024', 'DD/MM/YYYY'), 15, 62000, 'Fibrosi polmonare acuta.'),
(50, 'RCCLRT69A12E472Z', 50, to_date('23/08/2024', 'DD/MM/YYYY'), 15, 58000, 'Ipertensione polmonare acuta severa.'),
(52, 'VRSPLA96M14L736E', 2, to_date('02/09/2024', 'DD/MM/YYYY'), 7, 52000, 'Scompenso valvolare acuto.'),
(55, 'LMBRRT99S17L219D', 5, to_date('17/09/2024', 'DD/MM/YYYY'), 7, 60000, 'Trombosi venosa cerebrale estesa.'),
(56, 'SBNLNE69M18G273X', 6, to_date('22/09/2024', 'DD/MM/YYYY'), 8, 55000, 'Insufficienza respiratoria acuta da Guillain-Barr.'),
(57, 'MRTGLL69T19H501T', 7, to_date('27/09/2024', 'DD/MM/YYYY'), 7, 58000, 'Crisi miastenica con necessit di ventilazione.'),
(59, 'FRNLNA66M21L219S', 9, to_date('07/10/2024', 'DD/MM/YYYY'), 7, 78000, 'Distrofia muscolare con scompenso cardio-respiratorio.'),
(60, 'LCNGNN96A22L219G', 10, to_date('12/10/2024', 'DD/MM/YYYY'), 7, 65000, 'Scompenso cardiaco destro severo.'),
(61, 'SNTMRA69S23G224X', 11, to_date('17/10/2024', 'DD/MM/YYYY'), 5, 40000, 'Tetano generalizzato e gestione complicanze.'),
(62, 'BRTGNN66E24H501Q', 12, to_date('22/10/2024', 'DD/MM/YYYY'), 6, 45000, 'Botulismo grave con paralisi respiratoria.'),
(63, 'MSTFBA66R25L736V', 13, to_date('27/10/2024', 'DD/MM/YYYY'), 9, 80000, 'Rabbia conclamata e cure palliative.'),
(64, 'RCCLRT66A26E472A', 14, to_date('01/11/2024', 'DD/MM/YYYY'), 10, 75000, 'Peste polmonare e isolamento.'),
(66, 'VRSPLA69M28L736G', 16, to_date('11/11/2024', 'DD/MM/YYYY'), 12, 90000, 'Febbre emorragica di Ebola e isolamento.'),
(67, 'MNTLSS66E29H501Y', 17, to_date('16/11/2024', 'DD/MM/YYYY'), 10, 85000, 'Febbre di Marburg e isolamento.'),
(68, 'RCDGRG66A30F205Y', 18, to_date('21/11/2024', 'DD/MM/YYYY'), 14, 95000, 'Vaiolo e isolamento stretto.'),
(69, 'SBNLNE96M01G273Y', 20, to_date('01/12/2024', 'DD/MM/YYYY'), 11, 65000, 'Morbillo complicato da encefalite.'),
(70, 'MRTGLL66T02H501S', 21, to_date('06/12/2024', 'DD/MM/YYYY'), 18, 15000, 'Scompenso glicemico severo e complicanze vascolari acute.'),
(71, 'CNDLSS69P03D969M', 22, to_date('11/12/2024', 'DD/MM/YYYY'), 16, 18000, 'Esacerbazione acuta con insufficienza respiratoria.'),
(72, 'FRNLNA69M04L219T', 23, to_date('16/12/2024', 'DD/MM/YYYY'), 17, 25000, 'Scompenso cardiaco acuto e refrattario.'),
(73, 'LCNGNN66A05L219I', 24, to_date('21/12/2024', 'DD/MM/YYYY'), 15, 35000, 'Necessit di dialisi urgente e gestione complicanze.'),
(74, 'SNTMRA66S06G224Y', 25, to_date('26/12/2024', 'DD/MM/YYYY'), 18, 22000, 'Scompenso epatico acuto su cirrosi.'),
(75, 'BRTGNN96E07H501R', 6, to_date('31/12/2024', 'DD/MM/YYYY'), 17, 15000, 'Esacerbazione infiammatoria acuta con dolore severo.'),
(76, 'MSTFBA69R08L736W', 7, to_date('05/01/2025', 'DD/MM/YYYY'), 19, 30000, 'Progressione rapida con grave disabilit.'),
(77, 'TLLGNN96S10H501S', 9, to_date('15/01/2025', 'DD/MM/YYYY'), 17, 32000, 'Grave declino cognitivo e perdita autonomia.'),
(78, 'VRSPLA66M11L736F', 10, to_date('20/01/2025', 'DD/MM/YYYY'), 18, 20000, 'Infezione respiratoria severa e supporto ventilatorio.'),
(79, 'MNTLSS96E12H501Y', 11, to_date('25/01/2025', 'DD/MM/YYYY'), 16, 16000, 'Esacerbazione con coinvolgimento multiorgano.'),
(80, 'RCDGRG69A13F205Z', 12, to_date('30/01/2025', 'DD/MM/YYYY'), 17, 24000, 'Progressione fibrosi e scompenso cardiaco.'),
(81, 'SBNLNE69M15G273Z', 14, to_date('09/02/2025', 'DD/MM/YYYY'), 17, 10000, 'Perdita acuta della vista.');


INSERT INTO "Ricovero_Patologie" ("IDRicovero", "IDPatologia") VALUES
(2, 1),
(21, 1),
(35, 1),
(43, 1),
(70, 1),
(10, 2),
(22, 2),
(60, 2),
(80, 2),
(23, 3),
(80, 3),
(5, 4),
(24, 4),
(11, 5),
(25, 5),
(9, 6),
(26, 6),
(40, 6),
(12, 7),
(27, 7),
(7, 8),
(28, 8),
(75, 8),
(29, 9),
(30, 10),
(31, 11),
(50, 11),
(32, 12),
(33, 13),
(34, 14),
(35, 15),
(6, 16),
(36, 16),
(43, 16),
(11, 17),
(37, 17),
(38, 18),
(9, 19),
(39, 19),
(5, 20),
(20, 20),
(40, 20),
(60, 20),
(30, 21),
(41, 21),
(2, 22),
(25, 22),
(40, 22),
(42, 22),
(75, 22),
(7, 23),
(43, 23),
(44, 24),
(30, 25),
(45, 25),
(12, 26),
(46, 26),
(47, 27),
(48, 28),
(49, 29),
(50, 30),
(52, 32),
(25, 33),
(55, 35),
(56, 36),
(57, 37),
(59, 39),
(60, 40),
(6, 41),
(61, 41),
(62, 42),
(63, 43),
(64, 44),
(35, 45),
(20, 46),
(66, 46),
(67, 47),
(68, 48),
(70, 48),
(69, 49),
(10, 50),
(70, 50),
(71, 51),
(72, 52),
(73, 53),
(74, 54),
(75, 55),
(76, 56),
(77, 57),
(79, 59),
(80, 60),
(81, 61),
(50, 75),
(2, 82),
(5, 85),
(6, 86),
(7, 87),
(9, 89),
(10, 90),
(11, 91),
(12, 92),
(13, 93),
(14, 94),
(16, 96),
(17, 97),
(18, 98),
(19, 99),
(20, 100);

SELECT setval(pg_get_serial_sequence('"Ospedali"', 'IDOspedale'), coalesce(max("IDOspedale"), 1), max("IDOspedale") IS NOT null) FROM "Ospedali";
SELECT setval(pg_get_serial_sequence('"Patologie"', 'IDPatologia'), coalesce(max("IDPatologia"), 1), max("IDPatologia") IS NOT null) FROM "Patologie";
SELECT setval(pg_get_serial_sequence('"Ricoveri"', 'IDRicovero'), coalesce(max("IDRicovero"), 1), max("IDRicovero") IS NOT null) FROM "Ricoveri";